{
  "allocation": [
    {
      "stock_count": "1490.0",
      "version_modified": "0.0.25",
      "apk_version_created": "0.0.127+92",
      "customer_id": "4",
      "role_uuid": "d6b81831-4bb2-4712-bcaa-e522c456a270",
      "version_created": "0.0.25",
      "data_collector_email": "aboubacar.douno@ehealthnigeria.org",
      "group_uuid": "449351b4-bd5c-4358-bba8-8b8d410819c2",
      "program": "Malaria",
      "customer_name": "Sabo Garba",
      "item_name": "Hepatitis B",
      "firebase_uuid": "rvbPS1AuhcVEG4eHlsJ4oxhzb063",
      "created": "1598008692408",
      "item_id": "124",
      "max": "100000.0",
      "slot": null,
      "min": "10.0",
      "allocation_id": "06b895eb-cf2e-4194-9abd-d8ce5067c8e5",
      "latitude": "12.0198942",
      "modified": "1598009147353",
      "uuid": "686f36a0-a7fc-4f7b-b977-ec9fb8a719d6",
      "longitude": "8.5632086",
      "managed_uuid": "73b919f8-204e-42f7-a626-c6a05c453b6b",
      "apk_version_modified": "0.0.127+92",
      "email": "aboubacar.douno@ehealthnigeria.org"
    },
    {
      "apk_version_modified": "0.0.127+92",
      "modified": "1598011143779",
      "version_modified": "0.0.25",
      "program": "Malaria",
      "customer_id": "4",
      "item_id": "123",
      "version_created": "0.0.25",
      "role_uuid": "d6b81831-4bb2-4712-bcaa-e522c456a270",
      "allocation_id": "f51f5c45-5b85-45db-84e1-4a363cee7a78",
      "firebase_uuid": "rvbPS1AuhcVEG4eHlsJ4oxhzb063",
      "item_name": "BCG",
      "customer_name": "Sabo Garba",
      "group_uuid": "449351b4-bd5c-4358-bba8-8b8d410819c2",
      "slot": null,
      "latitude": "12.0198998",
      "created": "1598009933577",
      "stock_count": "1570.0",
      "managed_uuid": "73b919f8-204e-42f7-a626-c6a05c453b6b",
      "uuid": "d8da45e3-7f15-4cc6-b8cd-4927a1debbcc",
      "longitude": "8.5632943",
      "min": "1.0",
      "data_collector_email": "aboubacar.douno@ehealthnigeria.org",
      "email": "aboubacar.douno@ehealthnigeria.org",
      "max": "10000.0",
      "apk_version_created": "0.0.127+92"
    },
    {
      "version_created": "0.0.26",
      "slot": null,
      "stock_count": "500.0",
      "allocation_id": "168e11c1-b66e-450d-804a-941bb98c3291",
      "data_collector_email": "aboubacar.douno@ehealthnigeria.org",
      "program": "Malaria",
      "customer_name": "Sabo Garba",
      "firebase_uuid": "rvbPS1AuhcVEG4eHlsJ4oxhzb063",
      "item_name": "Rotavirus",
      "version_modified": "0.0.26",
      "min": "10.0",
      "managed_uuid": "73b919f8-204e-42f7-a626-c6a05c453b6b",
      "modified": "1598016311147",
      "email": "aboubacar.douno@ehealthnigeria.org",
      "apk_version_created": "0.0.127+92",
      "max": "10000.0",
      "uuid": "dd04a478-67f0-4396-95c6-666f69e1671d",
      "latitude": "12.0198966",
      "role_uuid": "d6b81831-4bb2-4712-bcaa-e522c456a270",
      "apk_version_modified": "0.0.127+92",
      "group_uuid": "449351b4-bd5c-4358-bba8-8b8d410819c2",
      "customer_id": "4",
      "item_id": "131",
      "created": "1598016061208",
      "longitude": "8.5631605"
    }
  ],
  "batch": [
    {
      "uuid": "00f20745-a77f-4095-b45b-c4572a5d19e4",
      "vvm_status": "stage1",
      "latitude": "12.0198957",
      "apk_version_modified": "0.0.127+92",
      "item_name": "BCG",
      "expiry_date": "1598569200000",
      "slot": null,
      "program": "Malaria",
      "item_id": "123",
      "group_uuid": "449351b4-bd5c-4358-bba8-8b8d410819c2",
      "created": "1598010282553",
      "version_modified": "0.0.25",
      "role_uuid": "d6b81831-4bb2-4712-bcaa-e522c456a270",
      "initial_amount": "1000.0",
      "batch_number": "002",
      "modified": "1598011077936",
      "longitude": "8.5632095",
      "quantity": "1470.0",
      "apk_version_created": "0.0.127+92",
      "email": "aboubacar.douno@ehealthnigeria.org",
      "data_collector_email": "aboubacar.douno@ehealthnigeria.org",
      "firebase_uuid": "rvbPS1AuhcVEG4eHlsJ4oxhzb063",
      "managed_uuid": "73b919f8-204e-42f7-a626-c6a05c453b6b",
      "manufacturer": "",
      "version_created": "0.0.25",
      "allocation_id": "f51f5c45-5b85-45db-84e1-4a363cee7a78",
      "batch_id": "4afbc2b2-cc5d-49ea-8768-9f08451bcd0d",
      "date": "1597878000000"
    },
    {
      "version_modified": "0.0.25",
      "apk_version_modified": "0.0.127+92",
      "data_collector_email": "aboubacar.douno@ehealthnigeria.org",
      "slot": null,
      "apk_version_created": "0.0.127+92",
      "batch_id": "9365ffa8-35e4-4d91-b72f-6e3e8031c982",
      "expiry_date": "1598050800000",
      "version_created": "0.0.25",
      "latitude": "12.0198957",
      "program": "Malaria",
      "initial_amount": "100.0",
      "longitude": "8.5632095",
      "uuid": "85f4ba1b-cb4c-4fd2-a34f-e7961ff85d70",
      "allocation_id": "f51f5c45-5b85-45db-84e1-4a363cee7a78",
      "role_uuid": "d6b81831-4bb2-4712-bcaa-e522c456a270",
      "created": "1598011143803",
      "date": "1598011114840",
      "vvm_status": "stage1",
      "quantity": "100.0",
      "email": "aboubacar.douno@ehealthnigeria.org",
      "modified": "1598011143802",
      "managed_uuid": "73b919f8-204e-42f7-a626-c6a05c453b6b",
      "manufacturer": "",
      "batch_number": "003",
      "group_uuid": "449351b4-bd5c-4358-bba8-8b8d410819c2",
      "item_id": "123",
      "firebase_uuid": "rvbPS1AuhcVEG4eHlsJ4oxhzb063",
      "item_name": "BCG"
    },
    {
      "email": "aboubacar.douno@ehealthnigeria.org",
      "role_uuid": "d6b81831-4bb2-4712-bcaa-e522c456a270",
      "apk_version_modified": "0.0.127+92",
      "apk_version_created": "0.0.127+92",
      "initial_amount": "1000.0",
      "allocation_id": "06b895eb-cf2e-4194-9abd-d8ce5067c8e5",
      "expiry_date": "1598655600000",
      "date": "1597878000000",
      "created": "1598008727387",
      "manufacturer": "",
      "vvm_status": "stage1",
      "version_created": "0.0.25",
      "latitude": "12.0198942",
      "batch_id": "408424ad-db59-482e-96aa-912e19e1e764",
      "batch_number": "001",
      "quantity": "1490.0",
      "modified": "1598009147375",
      "managed_uuid": "73b919f8-204e-42f7-a626-c6a05c453b6b",
      "longitude": "8.5632086",
      "item_name": "Hepatitis B",
      "group_uuid": "449351b4-bd5c-4358-bba8-8b8d410819c2",
      "item_id": "124",
      "version_modified": "0.0.25",
      "uuid": "a2188e02-eab6-4b61-978f-c915f97d4996",
      "data_collector_email": "aboubacar.douno@ehealthnigeria.org",
      "firebase_uuid": "rvbPS1AuhcVEG4eHlsJ4oxhzb063",
      "slot": null,
      "program": "Malaria"
    },
    {
      "allocation_id": "168e11c1-b66e-450d-804a-941bb98c3291",
      "uuid": "e3ac20c1-f5df-43e3-9d05-0f6da74689c5",
      "firebase_uuid": "rvbPS1AuhcVEG4eHlsJ4oxhzb063",
      "item_id": "131",
      "batch_id": "53cec027-3270-436e-ad4f-59a0b121a35f",
      "latitude": "12.0198966",
      "manufacturer": "",
      "item_name": "Rotavirus",
      "role_uuid": "d6b81831-4bb2-4712-bcaa-e522c456a270",
      "initial_amount": "1000.0",
      "date": "1597878000000",
      "batch_number": "004",
      "longitude": "8.5631605",
      "version_created": "0.0.26",
      "group_uuid": "449351b4-bd5c-4358-bba8-8b8d410819c2",
      "vvm_status": "stage1",
      "modified": "1598016311170",
      "slot": null,
      "version_modified": "0.0.26",
      "apk_version_created": "0.0.127+92",
      "email": "aboubacar.douno@ehealthnigeria.org",
      "managed_uuid": "73b919f8-204e-42f7-a626-c6a05c453b6b",
      "expiry_date": "1598569200000",
      "apk_version_modified": "0.0.127+92",
      "program": "Malaria",
      "created": "1598016177282",
      "data_collector_email": "aboubacar.douno@ehealthnigeria.org",
      "quantity": "500.0"
    }
  ],
  "inbound": [
    {
      "managed_uuid": "73b919f8-204e-42f7-a626-c6a05c453b6b",
      "email": "aboubacar.douno@ehealthnigeria.org",
      "vvm_status": "stage1",
      "created": "1598008764433",
      "role_uuid": "d6b81831-4bb2-4712-bcaa-e522c456a270",
      "comment": "",
      "batch_number": "001",
      "firebase_uuid": "rvbPS1AuhcVEG4eHlsJ4oxhzb063",
      "version_created": "0.0.25",
      "sender_id": "5",
      "modified": "1598008764433",
      "date": "1597878000000",
      "apk_version_created": "0.0.127+92",
      "apk_version_modified": "0.0.127+92",
      "item_id": "124",
      "item_name": "Hepatitis B",
      "quantity": "1000.0",
      "longitude": "8.5632086",
      "program": "Malaria",
      "allocation_id": "06b895eb-cf2e-4194-9abd-d8ce5067c8e5",
      "uuid": "1210ff74-af6d-403d-b2b5-de8934408a06",
      "sender_name": "Kunnawa Primary Health Facility",
      "latitude": "12.0198942",
      "slot": null,
      "data_collector_email": "aboubacar.douno@ehealthnigeria.org",
      "group_uuid": "449351b4-bd5c-4358-bba8-8b8d410819c2",
      "manufacturer": "",
      "expiry_date": "1598569200000",
      "inbound_id": "5a4284b7-e31e-4d2c-af0e-0bb6042d4f69",
      "is_return": "false",
      "version_modified": "0.0.25",
      "batch_id": "90a023ad-131c-409b-96d4-f9d6804e7198"
    },
    {
      "managed_uuid": "73b919f8-204e-42f7-a626-c6a05c453b6b",
      "item_id": "131",
      "batch_id": "53cec027-3270-436e-ad4f-59a0b121a35f",
      "vvm_status": "stage1",
      "email": "aboubacar.douno@ehealthnigeria.org",
      "allocation_id": "168e11c1-b66e-450d-804a-941bb98c3291",
      "program": "Malaria",
      "group_uuid": "449351b4-bd5c-4358-bba8-8b8d410819c2",
      "item_name": "Rotavirus",
      "slot": null,
      "manufacturer": "",
      "longitude": "8.5631605",
      "apk_version_modified": "0.0.127+92",
      "data_collector_email": "aboubacar.douno@ehealthnigeria.org",
      "batch_number": "004",
      "comment": "",
      "apk_version_created": "0.0.127+92",
      "role_uuid": "d6b81831-4bb2-4712-bcaa-e522c456a270",
      "version_created": "0.0.26",
      "sender_id": "1",
      "quantity": "1000.0",
      "uuid": "61c03f21-1f77-4636-8509-3c1eb04515b3",
      "firebase_uuid": "rvbPS1AuhcVEG4eHlsJ4oxhzb063",
      "date": "1597878000000",
      "created": "1598016177173",
      "is_return": "false",
      "sender_name": "Challawa Primary Health Centre",
      "inbound_id": "46c358da-bdcc-4598-a2a6-d30cf5e3cd27",
      "expiry_date": "1598569200000",
      "version_modified": "0.0.26",
      "latitude": "12.0198966",
      "modified": "1598016177172"
    },
    {
      "batch_id": "408424ad-db59-482e-96aa-912e19e1e764",
      "sender_id": "5",
      "comment": "",
      "latitude": "12.0198942",
      "data_collector_email": "aboubacar.douno@ehealthnigeria.org",
      "email": "aboubacar.douno@ehealthnigeria.org",
      "inbound_id": "a59fa0e7-13ab-4d75-8b1a-0a08dc159525",
      "batch_number": "001",
      "program": "Malaria",
      "firebase_uuid": "rvbPS1AuhcVEG4eHlsJ4oxhzb063",
      "slot": null,
      "item_name": "Hepatitis B",
      "quantity": "1000.0",
      "vvm_status": "stage1",
      "created": "1598008727287",
      "manufacturer": "",
      "role_uuid": "d6b81831-4bb2-4712-bcaa-e522c456a270",
      "item_id": "124",
      "sender_name": "Kunnawa Primary Health Facility",
      "date": "1597878000000",
      "is_return": "false",
      "longitude": "8.5632086",
      "uuid": "aa8fd981-ad12-4730-b382-6847a492cd53",
      "allocation_id": "06b895eb-cf2e-4194-9abd-d8ce5067c8e5",
      "group_uuid": "449351b4-bd5c-4358-bba8-8b8d410819c2",
      "managed_uuid": "73b919f8-204e-42f7-a626-c6a05c453b6b",
      "apk_version_modified": "0.0.127+92",
      "expiry_date": "1598655600000",
      "modified": "1598008727286",
      "version_created": "0.0.25",
      "version_modified": "0.0.25",
      "apk_version_created": "0.0.127+92"
    },
    {
      "program": "Malaria",
      "version_created": "0.0.25",
      "inbound_id": "26023bfe-be61-4d6d-9b6e-5efcabed9b24",
      "role_uuid": "d6b81831-4bb2-4712-bcaa-e522c456a270",
      "modified": "1598010282439",
      "version_modified": "0.0.25",
      "batch_number": "002",
      "date": "1597878000000",
      "slot": null,
      "vvm_status": "stage1",
      "group_uuid": "449351b4-bd5c-4358-bba8-8b8d410819c2",
      "sender_name": "Kunnawa Primary Health Facility",
      "uuid": "d28fdd6e-77dd-4866-b127-2355eaadd239",
      "created": "1598010282440",
      "comment": "",
      "data_collector_email": "aboubacar.douno@ehealthnigeria.org",
      "batch_id": "4afbc2b2-cc5d-49ea-8768-9f08451bcd0d",
      "apk_version_modified": "0.0.127+92",
      "item_name": "BCG",
      "expiry_date": "1598569200000",
      "manufacturer": "",
      "email": "aboubacar.douno@ehealthnigeria.org",
      "managed_uuid": "73b919f8-204e-42f7-a626-c6a05c453b6b",
      "item_id": "123",
      "sender_id": "5",
      "is_return": "false",
      "latitude": "12.0198957",
      "apk_version_created": "0.0.127+92",
      "allocation_id": "f51f5c45-5b85-45db-84e1-4a363cee7a78",
      "firebase_uuid": "rvbPS1AuhcVEG4eHlsJ4oxhzb063",
      "quantity": "1000.0",
      "longitude": "8.5632095"
    },
    {
      "version_modified": "0.0.25",
      "inbound_id": "96d80fb8-cea2-4c6e-b457-6739c566c5df",
      "program": "Malaria",
      "allocation_id": "f51f5c45-5b85-45db-84e1-4a363cee7a78",
      "apk_version_created": "0.0.127+92",
      "item_name": "BCG",
      "data_collector_email": "aboubacar.douno@ehealthnigeria.org",
      "manufacturer": "",
      "sender_id": "2",
      "item_id": "123",
      "sender_name": "Yarimawa Health Post",
      "modified": "1598011143690",
      "batch_id": "9365ffa8-35e4-4d91-b72f-6e3e8031c982",
      "uuid": "e9be9826-1e02-4e09-9305-905428f72a4f",
      "managed_uuid": "73b919f8-204e-42f7-a626-c6a05c453b6b",
      "batch_number": "003",
      "comment": "",
      "latitude": "12.0198957",
      "group_uuid": "449351b4-bd5c-4358-bba8-8b8d410819c2",
      "apk_version_modified": "0.0.127+92",
      "date": "1598011114840",
      "expiry_date": "1598050800000",
      "email": "aboubacar.douno@ehealthnigeria.org",
      "vvm_status": "stage1",
      "created": "1598011143691",
      "quantity": "100.0",
      "version_created": "0.0.25",
      "role_uuid": "d6b81831-4bb2-4712-bcaa-e522c456a270",
      "firebase_uuid": "rvbPS1AuhcVEG4eHlsJ4oxhzb063",
      "longitude": "8.5632095",
      "slot": null,
      "is_return": "false"
    },
    {
      "apk_version_created": "0.0.127+92",
      "firebase_uuid": "rvbPS1AuhcVEG4eHlsJ4oxhzb063",
      "sender_id": "1",
      "version_modified": "0.0.25",
      "batch_number": "002",
      "item_name": "BCG",
      "uuid": "f35cdfac-ce7e-4da8-8a64-ce64baf5ec7b",
      "apk_version_modified": "0.0.127+92",
      "item_id": "123",
      "role_uuid": "d6b81831-4bb2-4712-bcaa-e522c456a270",
      "slot": null,
      "created": "1598010483171",
      "managed_uuid": "73b919f8-204e-42f7-a626-c6a05c453b6b",
      "comment": "",
      "data_collector_email": "aboubacar.douno@ehealthnigeria.org",
      "allocation_id": "f51f5c45-5b85-45db-84e1-4a363cee7a78",
      "batch_id": "e84a0731-3726-4294-bf0a-3e3178f04200",
      "modified": "1598010483170",
      "is_return": "false",
      "vvm_status": "stage1",
      "program": "Malaria",
      "quantity": "1000.0",
      "date": "1597878000000",
      "version_created": "0.0.25",
      "latitude": "12.0198957",
      "longitude": "8.5632095",
      "group_uuid": "449351b4-bd5c-4358-bba8-8b8d410819c2",
      "inbound_id": "a6429bf1-4c1f-4d9e-9d25-750f5fb1f2df",
      "manufacturer": "",
      "sender_name": "Challawa Primary Health Centre",
      "expiry_date": "1598569200000",
      "email": "aboubacar.douno@ehealthnigeria.org"
    }
  ],
  "outbound": [
    {
      "modified": "1598016311058",
      "apk_version_created": "0.0.127+92",
      "managed_uuid": "73b919f8-204e-42f7-a626-c6a05c453b6b",
      "receiver_id": "5",
      "apk_version_modified": "0.0.127+92",
      "program": "Malaria",
      "created": "1598016311058",
      "latitude": "12.0198966",
      "email": "aboubacar.douno@ehealthnigeria.org",
      "batch_number": "004",
      "role_uuid": "d6b81831-4bb2-4712-bcaa-e522c456a270",
      "is_return": "false",
      "allocation_id": "168e11c1-b66e-450d-804a-941bb98c3291",
      "version_created": "0.0.26",
      "slot": null,
      "group_uuid": "449351b4-bd5c-4358-bba8-8b8d410819c2",
      "date": "1597878000000",
      "data_collector_email": "aboubacar.douno@ehealthnigeria.org",
      "comment": "",
      "item_id": "131",
      "uuid": "119c49b2-7141-45a7-ae4e-f6bbf4ea64fc",
      "longitude": "8.5631605",
      "firebase_uuid": "rvbPS1AuhcVEG4eHlsJ4oxhzb063",
      "version_modified": "0.0.26",
      "quantity": "500.0",
      "receiver_name": "Kunnawa Primary Health Facility",
      "vvm_status": "stage1",
      "item_name": "Rotavirus",
      "outbound_id": "41ee50bc-0868-4623-99b3-ec0aa78f8750"
    },
    {
      "email": "aboubacar.douno@ehealthnigeria.org",
      "uuid": "41878faf-33fe-4206-a8ea-41106da890a5",
      "receiver_id": "5",
      "batch_number": "002",
      "item_name": "BCG",
      "managed_uuid": "73b919f8-204e-42f7-a626-c6a05c453b6b",
      "receiver_name": "Kunnawa Primary Health Facility",
      "vvm_status": "stage1",
      "version_modified": "0.0.25",
      "group_uuid": "449351b4-bd5c-4358-bba8-8b8d410819c2",
      "latitude": "12.0198957",
      "slot": null,
      "data_collector_email": "aboubacar.douno@ehealthnigeria.org",
      "longitude": "8.5632095",
      "program": "Malaria",
      "created": "1598010430659",
      "apk_version_created": "0.0.127+92",
      "version_created": "0.0.25",
      "is_return": "false",
      "apk_version_modified": "0.0.127+92",
      "modified": "1598010430659",
      "allocation_id": "f51f5c45-5b85-45db-84e1-4a363cee7a78",
      "outbound_id": "6e5a90a3-2713-40fb-9184-820cf0802331",
      "role_uuid": "d6b81831-4bb2-4712-bcaa-e522c456a270",
      "comment": "",
      "quantity": "500.0",
      "date": "1597878000000",
      "firebase_uuid": "rvbPS1AuhcVEG4eHlsJ4oxhzb063",
      "item_id": "123"
    },
    {
      "version_created": "0.0.25",
      "group_uuid": "449351b4-bd5c-4358-bba8-8b8d410819c2",
      "date": "1597878000000",
      "apk_version_modified": "0.0.127+92",
      "role_uuid": "d6b81831-4bb2-4712-bcaa-e522c456a270",
      "longitude": "8.5632086",
      "managed_uuid": "73b919f8-204e-42f7-a626-c6a05c453b6b",
      "modified": "1598008856481",
      "item_name": "Hepatitis B",
      "version_modified": "0.0.25",
      "quantity": "500.0",
      "apk_version_created": "0.0.127+92",
      "program": "Malaria",
      "slot": null,
      "email": "aboubacar.douno@ehealthnigeria.org",
      "item_id": "124",
      "outbound_id": "73e66a62-3c8e-4248-b611-589518e34450",
      "receiver_id": "5",
      "latitude": "12.0198942",
      "allocation_id": "06b895eb-cf2e-4194-9abd-d8ce5067c8e5",
      "is_return": "false",
      "created": "1598008856482",
      "comment": "",
      "firebase_uuid": "rvbPS1AuhcVEG4eHlsJ4oxhzb063",
      "data_collector_email": "aboubacar.douno@ehealthnigeria.org",
      "uuid": "f097c725-af8e-4849-b582-0a56f50fccda",
      "batch_number": "001",
      "receiver_name": "Kunnawa Primary Health Facility",
      "vvm_status": "stage1"
    }
  ],
  "utilisation": [
    {
      "version_modified": "0.0.25",
      "data_collector_email": "aboubacar.douno@ehealthnigeria.org",
      "slot": null,
      "version_created": "0.0.25",
      "quantity": "10.0",
      "latitude": "12.0198957",
      "role_uuid": "d6b81831-4bb2-4712-bcaa-e522c456a270",
      "managed_uuid": "73b919f8-204e-42f7-a626-c6a05c453b6b",
      "apk_version_modified": "0.0.127+92",
      "program": "Malaria",
      "quantity_wasted": "0.0",
      "email": "aboubacar.douno@ehealthnigeria.org",
      "created": "1598010921794",
      "group_uuid": "449351b4-bd5c-4358-bba8-8b8d410819c2",
      "firebase_uuid": "rvbPS1AuhcVEG4eHlsJ4oxhzb063",
      "vvm_status": "stage1",
      "comment": "",
      "batch_number": "002",
      "item_id": "123.0",
      "allocation_id": "f51f5c45-5b85-45db-84e1-4a363cee7a78",
      "date": "1597878000000",
      "quantity_used": "10.0",
      "utilisation_id": "846f1209-2247-4c5b-bb1f-ebbb8c4c1b34",
      "modified": "1598010921794",
      "recipient": "John",
      "item_name": "BCG",
      "uuid": "0d2ba933-cafe-4a72-81e1-5c9c97ca9495",
      "apk_version_created": "0.0.127+92",
      "longitude": "8.5632095"
    },
    {
      "date": "1597878000000",
      "recipient": "Sanni",
      "email": "aboubacar.douno@ehealthnigeria.org",
      "quantity": "10.0",
      "data_collector_email": "aboubacar.douno@ehealthnigeria.org",
      "comment": "",
      "role_uuid": "d6b81831-4bb2-4712-bcaa-e522c456a270",
      "quantity_wasted": "0.0",
      "program": "Malaria",
      "modified": "1598010807653",
      "quantity_used": "10.0",
      "apk_version_modified": "0.0.127+92",
      "version_modified": "0.0.25",
      "slot": null,
      "allocation_id": "f51f5c45-5b85-45db-84e1-4a363cee7a78",
      "apk_version_created": "0.0.127+92",
      "batch_number": "002",
      "item_id": "123.0",
      "latitude": "12.0198957",
      "longitude": "8.5632095",
      "group_uuid": "449351b4-bd5c-4358-bba8-8b8d410819c2",
      "item_name": "BCG",
      "uuid": "143c0188-6722-492a-bcd4-ae708f594bdd",
      "version_created": "0.0.25",
      "created": "1598010807654",
      "utilisation_id": "40f5f111-9e10-4cee-9ba8-dece04280384",
      "vvm_status": "stage1",
      "firebase_uuid": "rvbPS1AuhcVEG4eHlsJ4oxhzb063",
      "managed_uuid": "73b919f8-204e-42f7-a626-c6a05c453b6b"
    },
    {
      "item_name": "Hepatitis B",
      "modified": "1598009147249",
      "comment": "",
      "slot": null,
      "firebase_uuid": "rvbPS1AuhcVEG4eHlsJ4oxhzb063",
      "recipient": "Umar",
      "data_collector_email": "aboubacar.douno@ehealthnigeria.org",
      "email": "aboubacar.douno@ehealthnigeria.org",
      "apk_version_modified": "0.0.127+92",
      "latitude": "12.020016",
      "group_uuid": "449351b4-bd5c-4358-bba8-8b8d410819c2",
      "batch_number": "001",
      "program": "Malaria",
      "utilisation_id": "bb21e668-fbf5-42f1-a8ba-db0ba0dd6cdc",
      "quantity_wasted": "0.0",
      "item_id": "124.0",
      "vvm_status": "stage1",
      "uuid": "ea4bc07d-889d-4cc1-bec4-0b6856967273",
      "managed_uuid": "73b919f8-204e-42f7-a626-c6a05c453b6b",
      "created": "1598009147250",
      "role_uuid": "d6b81831-4bb2-4712-bcaa-e522c456a270",
      "allocation_id": "06b895eb-cf2e-4194-9abd-d8ce5067c8e5",
      "date": "1598009143688",
      "longitude": "8.5638665",
      "version_created": "0.0.25",
      "version_modified": "0.0.25",
      "apk_version_created": "0.0.127+92",
      "quantity": "10.0",
      "quantity_used": "10.0"
    }
  ],
  "wastage": [
    {
      "item_name": "BCG",
      "created": "1598011077838",
      "date": "1597878000000",
      "longitude": "8.5632095",
      "group_uuid": "449351b4-bd5c-4358-bba8-8b8d410819c2",
      "uuid": "56a6ad2c-4359-4c2a-a580-db2805345877",
      "slot": null,
      "email": "aboubacar.douno@ehealthnigeria.org",
      "waste_reason": "expired_product",
      "managed_uuid": "73b919f8-204e-42f7-a626-c6a05c453b6b",
      "role_uuid": "d6b81831-4bb2-4712-bcaa-e522c456a270",
      "wastage_id": "dd9e5dba-8629-41b4-9a12-5850a665545d",
      "firebase_uuid": "rvbPS1AuhcVEG4eHlsJ4oxhzb063",
      "apk_version_created": "0.0.127+92",
      "data_collector_email": "aboubacar.douno@ehealthnigeria.org",
      "program": "Malaria",
      "apk_version_modified": "0.0.127+92",
      "latitude": "12.0198957",
      "quantity": "10.0",
      "version_created": "0.0.25",
      "version_modified": "0.0.25",
      "batch_number": "002",
      "allocation_id": "f51f5c45-5b85-45db-84e1-4a363cee7a78",
      "modified": "1598011077838",
      "item_id": "123"
    }
  ]
}