{
  "2020-08-21": [
    {
      "role_uuid": "d6b81831-4bb2-4712-bcaa-e522c456a270",
      "group_uuid": "449351b4-bd5c-4358-bba8-8b8d410819c2",
      "comment": "",
      "firebase_uuid": "rvbPS1AuhcVEG4eHlsJ4oxhzb063",
      "date": "1597990256861",
      "email": "aboubacar.douno@ehealthnigeria.org",
      "managed_uuid": "73b919f8-204e-42f7-a626-c6a05c453b6b",
      "expiry_date": "1598050800000",
      "created": "1597990261757",
      "data_collector_email": "aboubacar.douno@ehealthnigeria.org",
      "item_id": "30",
      "_syncTime": 1598008262827,
      "sender_id": "1",
      "batch_number": "004",
      "_syncTimestamp": 1598008262827,
      "uuid": "f593aad5-3f3f-4a4c-b66a-c37c7c2821f0",
      "version_created": "0.0.24",
      "batch_id": "e06fdecd-d0cb-4e1c-aa44-f6dd50d32e7b",
      "version_modified": "0.0.24",
      "slot": null,
      "is_return": "false",
      "quantity": "500.0",
      "sender_name": "Challawa Primary Health Centre",
      "inbound_id": "33d29bff-c4b6-4209-a01a-3d7d3618493b",
      "apk_version_created": "0.0.127+92",
      "allocation_id": "048f0756-cd56-40ae-ad74-76fad4266eb4",
      "_table": "inbound",
      "item_name": "Amoxycilin Dispersible Tab 250mg",
      "vvm_status": "stage2",
      "_operation": "DELETE",
      "program": "Malaria",
      "apk_version_modified": "0.0.127+92",
      "latitude": "12.0001417",
      "manufacturer": "",
      "longitude": "8.5576787",
      "modified": "1597990261756"
    },
    {
      "max": "100000.0",
      "apk_version_modified": "0.0.127+92",
      "_syncTime": 1598008263262,
      "version_modified": "0.0.24",
      "apk_version_created": "0.0.127+92",
      "created": "1597989368081",
      "customer_id": "4",
      "uuid": "5a89db65-1211-4712-815a-82db790b7ef5",
      "item_id": "30",
      "_table": "allocation",
      "data_collector_email": "aboubacar.douno@ehealthnigeria.org",
      "_syncTimestamp": 1598008263262,
      "version_created": "0.0.24",
      "email": "aboubacar.douno@ehealthnigeria.org",
      "managed_uuid": "73b919f8-204e-42f7-a626-c6a05c453b6b",
      "program": "Malaria",
      "min": "20.0",
      "item_name": "Amoxycilin Dispersible Tab 250mg",
      "group_uuid": "449351b4-bd5c-4358-bba8-8b8d410819c2",
      "modified": "1597999507899",
      "customer_name": "Sabo Garba",
      "_operation": "DELETE",
      "stock_count": "2185.0",
      "latitude": "12.0003028",
      "slot": null,
      "longitude": "8.5574587",
      "firebase_uuid": "rvbPS1AuhcVEG4eHlsJ4oxhzb063",
      "role_uuid": "d6b81831-4bb2-4712-bcaa-e522c456a270",
      "allocation_id": "048f0756-cd56-40ae-ad74-76fad4266eb4"
    },
    {
      "managed_uuid": "73b919f8-204e-42f7-a626-c6a05c453b6b",
      "version_created": "0.0.24",
      "program": "Malaria",
      "email": "aboubacar.douno@ehealthnigeria.org",
      "batch_id": "5e9d1bc2-c49c-4212-96cc-9b326ccb761a",
      "date": "1598004975141",
      "_syncTime": 1598008263577,
      "slot": null,
      "apk_version_modified": "0.0.127+92",
      "expiry_date": "1598223600000",
      "item_name": "Paracetamol 500mg (100/jar)",
      "_operation": "DELETE",
      "apk_version_created": "0.0.127+92",
      "_table": "batch",
      "uuid": "e12dc059-5a33-4199-aae9-a64307496cec",
      "version_modified": "0.0.24",
      "longitude": "8.5632064",
      "firebase_uuid": "rvbPS1AuhcVEG4eHlsJ4oxhzb063",
      "quantity": "90.0",
      "modified": "1598005184233",
      "created": "1598004979495",
      "batch_number": "000012",
      "allocation_id": "3668e797-d1ea-4f4f-8b7c-bbbd67379949",
      "group_uuid": "449351b4-bd5c-4358-bba8-8b8d410819c2",
      "role_uuid": "d6b81831-4bb2-4712-bcaa-e522c456a270",
      "_syncTimestamp": 1598008263577,
      "vvm_status": "stage1",
      "latitude": "12.0198961",
      "data_collector_email": "aboubacar.douno@ehealthnigeria.org",
      "manufacturer": "",
      "item_id": "273",
      "initial_amount": "100.0"
    },
    {
      "initial_amount": "1000.0",
      "longitude": "8.5574587",
      "firebase_uuid": "rvbPS1AuhcVEG4eHlsJ4oxhzb063",
      "manufacturer": "",
      "latitude": "12.0003028",
      "batch_id": "a52b4f82-a1f9-4708-a080-fc34cf94e752",
      "slot": null,
      "version_created": "0.0.24",
      "group_uuid": "449351b4-bd5c-4358-bba8-8b8d410819c2",
      "quantity": "1000.0",
      "email": "aboubacar.douno@ehealthnigeria.org",
      "_operation": "DELETE",
      "modified": "1597989434543",
      "expiry_date": "1598655600000",
      "batch_number": "003",
      "_table": "batch",
      "apk_version_created": "0.0.125+92",
      "allocation_id": "048f0756-cd56-40ae-ad74-76fad4266eb4",
      "_syncTime": 1598008264028,
      "item_name": "Amoxycilin Dispersible Tab 250mg",
      "vvm_status": "stage1",
      "version_modified": "0.0.24",
      "created": "1597989434544",
      "program": "Malaria",
      "item_id": "30",
      "date": "1597878000000",
      "role_uuid": "d6b81831-4bb2-4712-bcaa-e522c456a270",
      "_syncTimestamp": 1598008264028,
      "uuid": "0b211023-4b9e-443a-b566-eba183bd1c96",
      "managed_uuid": "73b919f8-204e-42f7-a626-c6a05c453b6b",
      "data_collector_email": "aboubacar.douno@ehealthnigeria.org",
      "apk_version_modified": "0.0.125+92"
    },
    {
      "_syncTime": 1598008264339,
      "program": "Malaria",
      "manufacturer": "",
      "initial_amount": "100.0",
      "_syncTimestamp": 1598008264339,
      "role_uuid": "d6b81831-4bb2-4712-bcaa-e522c456a270",
      "expiry_date": "1598137200000",
      "email": "aboubacar.douno@ehealthnigeria.org",
      "longitude": "8.5632054",
      "latitude": "12.0198969",
      "group_uuid": "449351b4-bd5c-4358-bba8-8b8d410819c2",
      "modified": "1598004617839",
      "apk_version_modified": "0.0.127+92",
      "version_created": "0.0.24",
      "date": "1597878000000",
      "quantity": "85.0",
      "batch_id": "304f4e99-55ab-4a04-bb50-c7ca7aeb3275",
      "managed_uuid": "73b919f8-204e-42f7-a626-c6a05c453b6b",
      "data_collector_email": "aboubacar.douno@ehealthnigeria.org",
      "uuid": "6de627ef-0941-4e08-8251-c4d53f09deaa",
      "vvm_status": "stage2",
      "firebase_uuid": "rvbPS1AuhcVEG4eHlsJ4oxhzb063",
      "item_id": "124",
      "allocation_id": "342e73c2-11ae-4b89-97d2-515ba8dbdad0",
      "_operation": "DELETE",
      "item_name": "Hepatitis B",
      "_table": "batch",
      "slot": null,
      "apk_version_created": "0.0.127+92",
      "created": "1598003325922",
      "batch_number": "0008",
      "version_modified": "0.0.24"
    },
    {
      "quantity_wasted": "0.0",
      "data_collector_email": "aboubacar.douno@ehealthnigeria.org",
      "utilisation_id": "dee7f16d-f148-41e8-896d-90463264f32d",
      "quantity_used": "5.0",
      "_syncTimestamp": 1598008264690,
      "program": "Malaria",
      "_operation": "DELETE",
      "version_modified": "0.0.24",
      "is_return": "false",
      "firebase_uuid": "rvbPS1AuhcVEG4eHlsJ4oxhzb063",
      "email": "aboubacar.douno@ehealthnigeria.org",
      "modified": "1598004617725",
      "batch_number": "0008",
      "longitude": "8.5632095",
      "managed_uuid": "73b919f8-204e-42f7-a626-c6a05c453b6b",
      "_table": "utilisation",
      "allocation_id": "342e73c2-11ae-4b89-97d2-515ba8dbdad0",
      "date": "1598004599555",
      "role_uuid": "d6b81831-4bb2-4712-bcaa-e522c456a270",
      "quantity": "5.0",
      "_syncTime": 1598008264690,
      "apk_version_created": "0.0.127+92",
      "apk_version_modified": "0.0.127+92",
      "item_name": "Hepatitis B",
      "created": "1598004617726",
      "vvm_status": "stage1",
      "comment": "",
      "version_created": "0.0.24",
      "latitude": "12.0198954",
      "group_uuid": "449351b4-bd5c-4358-bba8-8b8d410819c2",
      "recipient": "ad",
      "item_id": "124.0",
      "slot": null,
      "uuid": "02ea0342-c764-434a-935c-f5b8f00525c2"
    },
    {
      "utilisation_id": "6a544916-9118-433b-8573-32332a22a06e",
      "program": "Malaria",
      "uuid": "63351ac4-fba5-4e90-9887-c4106625f848",
      "created": "1597990549346",
      "_operation": "DELETE",
      "latitude": "12.0001417",
      "_syncTime": 1598008265012,
      "email": "aboubacar.douno@ehealthnigeria.org",
      "vvm_status": "stage1",
      "apk_version_created": "0.0.127+92",
      "comment": "",
      "_table": "utilisation",
      "managed_uuid": "73b919f8-204e-42f7-a626-c6a05c453b6b",
      "role_uuid": "d6b81831-4bb2-4712-bcaa-e522c456a270",
      "quantity_wasted": "100.0",
      "quantity": "200.0",
      "date": "1597990537739",
      "group_uuid": "449351b4-bd5c-4358-bba8-8b8d410819c2",
      "longitude": "8.5576787",
      "version_created": "0.0.24",
      "_syncTimestamp": 1598008265012,
      "quantity_used": "100.0",
      "version_modified": "0.0.24",
      "data_collector_email": "aboubacar.douno@ehealthnigeria.org",
      "modified": "1597990549346",
      "batch_number": "004",
      "item_name": "Amoxycilin Dispersible Tab 250mg",
      "slot": null,
      "apk_version_modified": "0.0.127+92",
      "item_id": "30.0",
      "allocation_id": "048f0756-cd56-40ae-ad74-76fad4266eb4",
      "is_return": "false",
      "recipient": "Umar",
      "firebase_uuid": "rvbPS1AuhcVEG4eHlsJ4oxhzb063"
    },
    {
      "apk_version_created": "0.0.127+92",
      "manufacturer": "",
      "_syncTimestamp": 1598008265331,
      "batch_number": "006",
      "_table": "batch",
      "allocation_id": "048f0756-cd56-40ae-ad74-76fad4266eb4",
      "batch_id": "74bbea66-0443-4a5b-8af8-db7b3bdf27ad",
      "vvm_status": "stage2",
      "group_uuid": "449351b4-bd5c-4358-bba8-8b8d410819c2",
      "firebase_uuid": "rvbPS1AuhcVEG4eHlsJ4oxhzb063",
      "managed_uuid": "73b919f8-204e-42f7-a626-c6a05c453b6b",
      "initial_amount": "100.0",
      "slot": null,
      "version_created": "0.0.24",
      "program": "Malaria",
      "apk_version_modified": "0.0.127+92",
      "_operation": "DELETE",
      "longitude": "8.5635951",
      "date": "1597999485509",
      "quantity": "100.0",
      "uuid": "34ecae23-1da8-4e79-b360-c8ec0c68e168",
      "_syncTime": 1598008265331,
      "data_collector_email": "aboubacar.douno@ehealthnigeria.org",
      "role_uuid": "d6b81831-4bb2-4712-bcaa-e522c456a270",
      "email": "aboubacar.douno@ehealthnigeria.org",
      "modified": "1597999507924",
      "version_modified": "0.0.24",
      "latitude": "12.0200317",
      "item_id": "30",
      "expiry_date": "1598050800000",
      "created": "1597999507925",
      "item_name": "Amoxycilin Dispersible Tab 250mg"
    },
    {
      "is_return": "false",
      "group_uuid": "449351b4-bd5c-4358-bba8-8b8d410819c2",
      "_table": "inbound",
      "modified": "1598005041681",
      "batch_id": "e54a8a5d-12dd-4d17-80eb-f793a7f2f031",
      "inbound_id": "9053b4fa-f31b-42a0-9f3f-7df0ffa018f7",
      "created": "1598005041682",
      "version_created": "0.0.24",
      "_operation": "DELETE",
      "program": "Malaria",
      "apk_version_modified": "0.0.127+92",
      "manufacturer": "",
      "_syncTimestamp": 1598008265382,
      "item_name": "Paracetamol 500mg (100/jar)",
      "expiry_date": "1598569200000",
      "date": "1597791600000",
      "latitude": "12.0198961",
      "managed_uuid": "73b919f8-204e-42f7-a626-c6a05c453b6b",
      "allocation_id": "3668e797-d1ea-4f4f-8b7c-bbbd67379949",
      "longitude": "8.5632064",
      "firebase_uuid": "rvbPS1AuhcVEG4eHlsJ4oxhzb063",
      "sender_id": "3",
      "item_id": "273",
      "quantity": "200.0",
      "role_uuid": "d6b81831-4bb2-4712-bcaa-e522c456a270",
      "vvm_status": "stage1",
      "sender_name": "Gurun Gawa Model Primary Health Centre",
      "comment": "",
      "batch_number": "000hk",
      "apk_version_created": "0.0.127+92",
      "version_modified": "0.0.24",
      "_syncTime": 1598008265382,
      "uuid": "32eb7427-2ba9-4517-b258-d6cb956587ab",
      "email": "aboubacar.douno@ehealthnigeria.org",
      "data_collector_email": "aboubacar.douno@ehealthnigeria.org",
      "slot": null
    },
    {
      "initial_amount": "50.0",
      "batch_number": "001",
      "apk_version_modified": "0.0.125+92",
      "date": "1597878000000",
      "expiry_date": "1598050800000",
      "program": "Malaria",
      "uuid": "f531bf8a-d196-4ab3-a424-e6695dd4e0fc",
      "quantity": "50.0",
      "role_uuid": "d6b81831-4bb2-4712-bcaa-e522c456a270",
      "_operation": "DELETE",
      "email": "aboubacar.douno@ehealthnigeria.org",
      "slot": null,
      "longitude": "8.5576275",
      "version_created": "0.0.24",
      "group_uuid": "449351b4-bd5c-4358-bba8-8b8d410819c2",
      "created": "1597988875597",
      "manufacturer": "",
      "allocation_id": "4354bba3-9e7f-47c6-b40e-386cd854466c",
      "managed_uuid": "73b919f8-204e-42f7-a626-c6a05c453b6b",
      "latitude": "12.0003232",
      "firebase_uuid": "rvbPS1AuhcVEG4eHlsJ4oxhzb063",
      "apk_version_created": "0.0.125+92",
      "version_modified": "0.0.24",
      "data_collector_email": "aboubacar.douno@ehealthnigeria.org",
      "_syncTimestamp": 1598008265548,
      "batch_id": "6c404cdf-3ec2-4c09-a255-658892d2b1ff",
      "_table": "batch",
      "modified": "1597988875596",
      "item_id": "123",
      "item_name": "BCG",
      "_syncTime": 1598008265548,
      "vvm_status": "stage1"
    },
    {
      "min": "10.0",
      "uuid": "e6bd111b-85af-487e-ba86-28dfe3ff94e6",
      "_syncTimestamp": 1598008265551,
      "item_name": "Paracetamol 500mg (100/jar)",
      "max": "100000.0",
      "customer_id": "4",
      "program": "Malaria",
      "_syncTime": 1598008265551,
      "group_uuid": "449351b4-bd5c-4358-bba8-8b8d410819c2",
      "modified": "1598007742098",
      "slot": null,
      "data_collector_email": "aboubacar.douno@ehealthnigeria.org",
      "managed_uuid": "73b919f8-204e-42f7-a626-c6a05c453b6b",
      "longitude": "8.5632064",
      "apk_version_created": "0.0.127+92",
      "stock_count": "490.0",
      "created": "1598004874870",
      "version_modified": "0.0.24",
      "role_uuid": "d6b81831-4bb2-4712-bcaa-e522c456a270",
      "apk_version_modified": "0.0.127+92",
      "firebase_uuid": "rvbPS1AuhcVEG4eHlsJ4oxhzb063",
      "email": "aboubacar.douno@ehealthnigeria.org",
      "allocation_id": "3668e797-d1ea-4f4f-8b7c-bbbd67379949",
      "item_id": "273",
      "latitude": "12.0198961",
      "version_created": "0.0.24",
      "customer_name": "Sabo Garba",
      "_table": "allocation",
      "_operation": "DELETE"
    },
    {
      "_operation": "DELETE",
      "version_created": "0.0.24",
      "item_id": "273",
      "email": "aboubacar.douno@ehealthnigeria.org",
      "firebase_uuid": "rvbPS1AuhcVEG4eHlsJ4oxhzb063",
      "longitude": "8.5632064",
      "slot": null,
      "receiver_id": "5",
      "program": "Malaria",
      "version_modified": "0.0.24",
      "vvm_status": "stage1",
      "is_return": "false",
      "data_collector_email": "aboubacar.douno@ehealthnigeria.org",
      "modified": "1598005184120",
      "item_name": "Paracetamol 500mg (100/jar)",
      "uuid": "119c5d23-2b29-46bf-a260-9ffa3e3fab21",
      "quantity": "10.0",
      "apk_version_created": "0.0.127+92",
      "apk_version_modified": "0.0.127+92",
      "receiver_name": "Kunnawa Primary Health Facility",
      "managed_uuid": "73b919f8-204e-42f7-a626-c6a05c453b6b",
      "_syncTime": 1598008265727,
      "comment": "",
      "group_uuid": "449351b4-bd5c-4358-bba8-8b8d410819c2",
      "_syncTimestamp": 1598008265727,
      "latitude": "12.0198961",
      "date": "1597878000000",
      "_table": "outbound",
      "allocation_id": "3668e797-d1ea-4f4f-8b7c-bbbd67379949",
      "outbound_id": "ae413abe-771d-4690-a506-66ec015c53be",
      "created": "1598005184121",
      "batch_number": "000012",
      "role_uuid": "d6b81831-4bb2-4712-bcaa-e522c456a270"
    },
    {
      "email": "aboubacar.douno@ehealthnigeria.org",
      "modified": "1597989434449",
      "expiry_date": "1598655600000",
      "firebase_uuid": "rvbPS1AuhcVEG4eHlsJ4oxhzb063",
      "group_uuid": "449351b4-bd5c-4358-bba8-8b8d410819c2",
      "_operation": "DELETE",
      "longitude": "8.5574587",
      "quantity": "1000.0",
      "batch_number": "003",
      "managed_uuid": "73b919f8-204e-42f7-a626-c6a05c453b6b",
      "created": "1597989434450",
      "apk_version_modified": "0.0.125+92",
      "item_id": "30",
      "comment": "",
      "role_uuid": "d6b81831-4bb2-4712-bcaa-e522c456a270",
      "inbound_id": "8db6b54a-82e0-4704-bdb1-61a3b04b208b",
      "data_collector_email": "aboubacar.douno@ehealthnigeria.org",
      "version_created": "0.0.24",
      "sender_name": "Kunnawa Primary Health Facility",
      "sender_id": "5",
      "batch_id": "a52b4f82-a1f9-4708-a080-fc34cf94e752",
      "apk_version_created": "0.0.125+92",
      "_syncTimestamp": 1598008265963,
      "date": "1597878000000",
      "manufacturer": "",
      "_syncTime": 1598008265963,
      "allocation_id": "048f0756-cd56-40ae-ad74-76fad4266eb4",
      "latitude": "12.0003028",
      "version_modified": "0.0.24",
      "is_return": "false",
      "item_name": "Amoxycilin Dispersible Tab 250mg",
      "_table": "inbound",
      "uuid": "aeb48990-6879-48d7-b942-296bf47809dc",
      "slot": null,
      "program": "Malaria",
      "vvm_status": "stage1"
    },
    {
      "role_uuid": "d6b81831-4bb2-4712-bcaa-e522c456a270",
      "version_modified": "0.0.24",
      "item_id": "30",
      "modified": "1597990333232",
      "receiver_name": "Gurun Gawa Model Primary Health Centre",
      "_table": "outbound",
      "date": "1597990282724",
      "program": "Malaria",
      "quantity": "200.0",
      "created": "1597990333233",
      "version_created": "0.0.24",
      "data_collector_email": "aboubacar.douno@ehealthnigeria.org",
      "firebase_uuid": "rvbPS1AuhcVEG4eHlsJ4oxhzb063",
      "email": "aboubacar.douno@ehealthnigeria.org",
      "apk_version_created": "0.0.127+92",
      "uuid": "91499ac1-3c43-4fb3-ac9f-9ae947c91aa2",
      "batch_number": "004",
      "apk_version_modified": "0.0.127+92",
      "comment": "no comment",
      "outbound_id": "c46535e9-d1ba-426e-92d2-7fcbcc21be61",
      "vvm_status": "stage1",
      "_syncTimestamp": 1598008266255,
      "longitude": "8.5576787",
      "slot": null,
      "managed_uuid": "73b919f8-204e-42f7-a626-c6a05c453b6b",
      "group_uuid": "449351b4-bd5c-4358-bba8-8b8d410819c2",
      "latitude": "12.0001417",
      "_operation": "DELETE",
      "is_return": "false",
      "_syncTime": 1598008266255,
      "allocation_id": "048f0756-cd56-40ae-ad74-76fad4266eb4",
      "receiver_id": "3",
      "item_name": "Amoxycilin Dispersible Tab 250mg"
    },
    {
      "longitude": "8.5576275",
      "max": "100.0",
      "role_uuid": "d6b81831-4bb2-4712-bcaa-e522c456a270",
      "uuid": "cb8770d4-84a2-40bb-a4ac-a128202b2223",
      "allocation_id": "4354bba3-9e7f-47c6-b40e-386cd854466c",
      "latitude": "12.0003232",
      "customer_id": "4",
      "group_uuid": "449351b4-bd5c-4358-bba8-8b8d410819c2",
      "modified": "1597988875576",
      "item_id": "123",
      "_syncTimestamp": 1598008266552,
      "created": "1597988607042",
      "slot": null,
      "data_collector_email": "aboubacar.douno@ehealthnigeria.org",
      "firebase_uuid": "rvbPS1AuhcVEG4eHlsJ4oxhzb063",
      "apk_version_created": "0.0.125+92",
      "item_name": "BCG",
      "_table": "allocation",
      "stock_count": "50.0",
      "managed_uuid": "73b919f8-204e-42f7-a626-c6a05c453b6b",
      "program": "Malaria",
      "version_modified": "0.0.24",
      "email": "aboubacar.douno@ehealthnigeria.org",
      "min": "10.0",
      "_operation": "DELETE",
      "customer_name": "Sabo Garba",
      "apk_version_modified": "0.0.125+92",
      "version_created": "0.0.24",
      "_syncTime": 1598008266552
    },
    {
      "date": "1597791600000",
      "role_uuid": "d6b81831-4bb2-4712-bcaa-e522c456a270",
      "group_uuid": "449351b4-bd5c-4358-bba8-8b8d410819c2",
      "longitude": "8.5632064",
      "version_modified": "0.0.24",
      "allocation_id": "3668e797-d1ea-4f4f-8b7c-bbbd67379949",
      "email": "aboubacar.douno@ehealthnigeria.org",
      "created": "1598005041787",
      "batch_number": "000hk",
      "data_collector_email": "aboubacar.douno@ehealthnigeria.org",
      "_table": "batch",
      "slot": null,
      "program": "Malaria",
      "apk_version_modified": "0.0.127+92",
      "firebase_uuid": "rvbPS1AuhcVEG4eHlsJ4oxhzb063",
      "manufacturer": "",
      "batch_id": "e54a8a5d-12dd-4d17-80eb-f793a7f2f031",
      "apk_version_created": "0.0.127+92",
      "managed_uuid": "73b919f8-204e-42f7-a626-c6a05c453b6b",
      "item_id": "273",
      "expiry_date": "1598569200000",
      "initial_amount": "200.0",
      "_syncTimestamp": 1598008266627,
      "version_created": "0.0.24",
      "_syncTime": 1598008266627,
      "vvm_status": "stage1",
      "uuid": "93f767ee-4392-425a-924d-60aa6faa5ae5",
      "item_name": "Paracetamol 500mg (100/jar)",
      "latitude": "12.0198961",
      "quantity": "200.0",
      "_operation": "DELETE",
      "modified": "1598005041786"
    },
    {
      "latitude": "12.019896",
      "email": "aboubacar.douno@ehealthnigeria.org",
      "item_name": "Paracetamol 500mg (100/jar)",
      "apk_version_modified": "0.0.127+92",
      "data_collector_email": "aboubacar.douno@ehealthnigeria.org",
      "_syncTimestamp": 1598008266709,
      "managed_uuid": "73b919f8-204e-42f7-a626-c6a05c453b6b",
      "allocation_id": "3668e797-d1ea-4f4f-8b7c-bbbd67379949",
      "slot": null,
      "_operation": "DELETE",
      "modified": "1598007742003",
      "expiry_date": "1598655600000",
      "created": "1598007742004",
      "vvm_status": "stage1",
      "date": "1598007708114",
      "sender_id": "5",
      "batch_number": "00j",
      "comment": "",
      "_syncTime": 1598008266709,
      "role_uuid": "d6b81831-4bb2-4712-bcaa-e522c456a270",
      "manufacturer": "",
      "inbound_id": "6f915e55-168a-49bf-aa79-339a97f77c40",
      "batch_id": "80a675f6-92ef-474c-9fb1-3bee0ad0b6d2",
      "longitude": "8.5632096",
      "quantity": "200.0",
      "group_uuid": "449351b4-bd5c-4358-bba8-8b8d410819c2",
      "apk_version_created": "0.0.127+92",
      "item_id": "273",
      "is_return": "false",
      "_table": "inbound",
      "version_created": "0.0.24",
      "sender_name": "Kunnawa Primary Health Facility",
      "uuid": "798ce229-f2bf-4f49-af16-43ee7c7b6104",
      "version_modified": "0.0.24",
      "firebase_uuid": "rvbPS1AuhcVEG4eHlsJ4oxhzb063",
      "program": "Malaria"
    },
    {
      "max": "100.0",
      "item_id": "124",
      "program": "Malaria",
      "slot": null,
      "apk_version_created": "0.0.127+92",
      "uuid": "6ac83e92-09fd-4375-ad60-fd27c3e6c7ff",
      "group_uuid": "449351b4-bd5c-4358-bba8-8b8d410819c2",
      "stock_count": "135.0",
      "latitude": "12.0198969",
      "firebase_uuid": "rvbPS1AuhcVEG4eHlsJ4oxhzb063",
      "customer_name": "Sabo Garba",
      "managed_uuid": "73b919f8-204e-42f7-a626-c6a05c453b6b",
      "role_uuid": "d6b81831-4bb2-4712-bcaa-e522c456a270",
      "min": "10.0",
      "_table": "allocation",
      "longitude": "8.5632054",
      "created": "1598003060011",
      "data_collector_email": "aboubacar.douno@ehealthnigeria.org",
      "_syncTime": 1598008266765,
      "customer_id": "4",
      "email": "aboubacar.douno@ehealthnigeria.org",
      "_operation": "DELETE",
      "allocation_id": "342e73c2-11ae-4b89-97d2-515ba8dbdad0",
      "version_modified": "0.0.24",
      "modified": "1598004617812",
      "item_name": "Hepatitis B",
      "version_created": "0.0.24",
      "_syncTimestamp": 1598008266765,
      "apk_version_modified": "0.0.127+92"
    },
    {
      "group_uuid": "449351b4-bd5c-4358-bba8-8b8d410819c2",
      "waste_reason": "damaged_product",
      "slot": null,
      "email": "aboubacar.douno@ehealthnigeria.org",
      "_table": "wastage",
      "apk_version_modified": "0.0.127+92",
      "quantity": "5.0",
      "created": "1597990909420",
      "program": "Malaria",
      "modified": "1597990909420",
      "_syncTime": 1598008266926,
      "role_uuid": "d6b81831-4bb2-4712-bcaa-e522c456a270",
      "longitude": "8.5592631",
      "item_id": "30",
      "version_modified": "0.0.24",
      "data_collector_email": "aboubacar.douno@ehealthnigeria.org",
      "version_created": "0.0.24",
      "apk_version_created": "0.0.127+92",
      "latitude": "12.0015081",
      "managed_uuid": "73b919f8-204e-42f7-a626-c6a05c453b6b",
      "_syncTimestamp": 1598008266926,
      "uuid": "aa693a30-b057-48c2-9018-2858d5fe913d",
      "wastage_id": "11813692-57a6-4003-af1c-ac99c5a69cfb",
      "item_name": "Amoxycilin Dispersible Tab 250mg",
      "allocation_id": "048f0756-cd56-40ae-ad74-76fad4266eb4",
      "date": "1597990903395",
      "_operation": "DELETE",
      "firebase_uuid": "rvbPS1AuhcVEG4eHlsJ4oxhzb063",
      "batch_number": "004"
    },
    {
      "inbound_id": "608bcd18-698a-4c6e-b55b-87edf51db242",
      "_syncTime": 1598008267144,
      "item_id": "124",
      "date": "1597791600000",
      "sender_name": "Yarimawa Health Post",
      "version_created": "0.0.24",
      "sender_id": "2",
      "managed_uuid": "73b919f8-204e-42f7-a626-c6a05c453b6b",
      "uuid": "38945b2c-103a-4b0d-af81-2786a905a224",
      "batch_id": "e78358eb-b581-4d1f-942e-e8837608624e",
      "quantity": "50.0",
      "longitude": "8.5632054",
      "slot": null,
      "modified": "1598003440561",
      "manufacturer": "",
      "_table": "inbound",
      "is_return": "false",
      "firebase_uuid": "rvbPS1AuhcVEG4eHlsJ4oxhzb063",
      "expiry_date": "1598310000000",
      "version_modified": "0.0.24",
      "email": "aboubacar.douno@ehealthnigeria.org",
      "vvm_status": "stage2",
      "program": "Malaria",
      "group_uuid": "449351b4-bd5c-4358-bba8-8b8d410819c2",
      "_syncTimestamp": 1598008267144,
      "apk_version_modified": "0.0.127+92",
      "latitude": "12.0198969",
      "item_name": "Hepatitis B",
      "created": "1598003440562",
      "comment": "",
      "data_collector_email": "aboubacar.douno@ehealthnigeria.org",
      "allocation_id": "342e73c2-11ae-4b89-97d2-515ba8dbdad0",
      "batch_number": "0009",
      "_operation": "DELETE",
      "role_uuid": "d6b81831-4bb2-4712-bcaa-e522c456a270",
      "apk_version_created": "0.0.127+92"
    },
    {
      "_operation": "DELETE",
      "group_uuid": "449351b4-bd5c-4358-bba8-8b8d410819c2",
      "program": "Malaria",
      "_table": "inbound",
      "slot": null,
      "vvm_status": "stage3",
      "batch_number": "004",
      "_syncTimestamp": 1598008267234,
      "firebase_uuid": "rvbPS1AuhcVEG4eHlsJ4oxhzb063",
      "quantity": "1000.0",
      "expiry_date": "1598655600000",
      "allocation_id": "048f0756-cd56-40ae-ad74-76fad4266eb4",
      "managed_uuid": "73b919f8-204e-42f7-a626-c6a05c453b6b",
      "item_id": "30",
      "item_name": "Amoxycilin Dispersible Tab 250mg",
      "sender_name": "Gurun Gawa Model Primary Health Centre",
      "role_uuid": "d6b81831-4bb2-4712-bcaa-e522c456a270",
      "email": "aboubacar.douno@ehealthnigeria.org",
      "apk_version_created": "0.0.125+92",
      "apk_version_modified": "0.0.125+92",
      "sender_id": "3",
      "date": "1597878000000",
      "is_return": "false",
      "data_collector_email": "aboubacar.douno@ehealthnigeria.org",
      "_syncTime": 1598008267234,
      "version_created": "0.0.24",
      "created": "1597989883573",
      "latitude": "12.0003174",
      "inbound_id": "bfd3ef97-020f-4ac9-8e6a-5862c5f8ffbf",
      "longitude": "8.5578287",
      "modified": "1597989883572",
      "uuid": "fe501666-5bb7-4845-9d8c-4b1085106f15",
      "comment": "",
      "version_modified": "0.0.24",
      "manufacturer": "",
      "batch_id": "ac42f28d-c011-4c30-ba6f-e6f45fb5f428"
    },
    {
      "item_name": "Amoxycilin Dispersible Tab 250mg",
      "batch_number": "004",
      "quantity": "1085.0",
      "batch_id": "ac42f28d-c011-4c30-ba6f-e6f45fb5f428",
      "modified": "1597990909475",
      "role_uuid": "d6b81831-4bb2-4712-bcaa-e522c456a270",
      "version_created": "0.0.24",
      "data_collector_email": "aboubacar.douno@ehealthnigeria.org",
      "version_modified": "0.0.24",
      "date": "1597878000000",
      "latitude": "12.0003174",
      "expiry_date": "1598655600000",
      "uuid": "54068dbf-8cbd-4b57-b3bb-050e06b9dfea",
      "initial_amount": "1000.0",
      "firebase_uuid": "rvbPS1AuhcVEG4eHlsJ4oxhzb063",
      "created": "1597989883687",
      "longitude": "8.5578287",
      "_table": "batch",
      "vvm_status": "stage3",
      "slot": null,
      "_syncTime": 1598008269139,
      "manufacturer": "",
      "apk_version_modified": "0.0.127+92",
      "managed_uuid": "73b919f8-204e-42f7-a626-c6a05c453b6b",
      "allocation_id": "048f0756-cd56-40ae-ad74-76fad4266eb4",
      "group_uuid": "449351b4-bd5c-4358-bba8-8b8d410819c2",
      "program": "Malaria",
      "_syncTimestamp": 1598008269139,
      "email": "aboubacar.douno@ehealthnigeria.org",
      "_operation": "DELETE",
      "item_id": "30",
      "apk_version_created": "0.0.127+92"
    },
    {
      "role_uuid": "d6b81831-4bb2-4712-bcaa-e522c456a270",
      "email": "aboubacar.douno@ehealthnigeria.org",
      "_syncTimestamp": 1598008269139,
      "_syncTime": 1598008269139,
      "uuid": "e4082d36-aef6-4d24-8563-6c95bfd01abc",
      "latitude": "12.0198954",
      "apk_version_modified": "0.0.127+92",
      "version_modified": "0.0.24",
      "receiver_id": "1",
      "vvm_status": "stage1",
      "version_created": "0.0.24",
      "data_collector_email": "aboubacar.douno@ehealthnigeria.org",
      "_operation": "DELETE",
      "longitude": "8.5632095",
      "receiver_name": "Challawa Primary Health Centre",
      "slot": null,
      "modified": "1598004384045",
      "quantity": "10.0",
      "outbound_id": "af9c81cd-9179-4bf8-842d-f04843350c38",
      "group_uuid": "449351b4-bd5c-4358-bba8-8b8d410819c2",
      "item_name": "Hepatitis B",
      "date": "1598004284461",
      "firebase_uuid": "rvbPS1AuhcVEG4eHlsJ4oxhzb063",
      "program": "Malaria",
      "item_id": "124",
      "batch_number": "0008",
      "allocation_id": "342e73c2-11ae-4b89-97d2-515ba8dbdad0",
      "comment": "",
      "is_return": "false",
      "created": "1598004384045",
      "apk_version_created": "0.0.127+92",
      "_table": "outbound",
      "managed_uuid": "73b919f8-204e-42f7-a626-c6a05c453b6b"
    },
    {
      "latitude": "12.019896",
      "initial_amount": "200.0",
      "email": "aboubacar.douno@ehealthnigeria.org",
      "version_modified": "0.0.24",
      "manufacturer": "",
      "data_collector_email": "aboubacar.douno@ehealthnigeria.org",
      "version_created": "0.0.24",
      "apk_version_modified": "0.0.127+92",
      "program": "Malaria",
      "managed_uuid": "73b919f8-204e-42f7-a626-c6a05c453b6b",
      "_operation": "DELETE",
      "batch_number": "00j",
      "date": "1598007708114",
      "batch_id": "80a675f6-92ef-474c-9fb1-3bee0ad0b6d2",
      "modified": "1598007742127",
      "firebase_uuid": "rvbPS1AuhcVEG4eHlsJ4oxhzb063",
      "role_uuid": "d6b81831-4bb2-4712-bcaa-e522c456a270",
      "item_id": "273",
      "item_name": "Paracetamol 500mg (100/jar)",
      "quantity": "200.0",
      "_table": "batch",
      "expiry_date": "1598655600000",
      "vvm_status": "stage1",
      "_syncTime": 1598008270803,
      "longitude": "8.5632096",
      "apk_version_created": "0.0.127+92",
      "_syncTimestamp": 1598008270803,
      "slot": null,
      "created": "1598007742128",
      "uuid": "430a2f8f-a225-4bc3-a836-365741904315",
      "group_uuid": "449351b4-bd5c-4358-bba8-8b8d410819c2",
      "allocation_id": "3668e797-d1ea-4f4f-8b7c-bbbd67379949"
    },
    {
      "modified": "1597988875507",
      "_syncTimestamp": 1598008271096,
      "created": "1597988875508",
      "version_created": "0.0.24",
      "batch_number": "001",
      "_table": "inbound",
      "item_name": "BCG",
      "slot": null,
      "managed_uuid": "73b919f8-204e-42f7-a626-c6a05c453b6b",
      "quantity": "50.0",
      "batch_id": "6c404cdf-3ec2-4c09-a255-658892d2b1ff",
      "date": "1597878000000",
      "uuid": "b2d60dab-0916-42f5-916d-5a463dfc9f84",
      "firebase_uuid": "rvbPS1AuhcVEG4eHlsJ4oxhzb063",
      "comment": "",
      "allocation_id": "4354bba3-9e7f-47c6-b40e-386cd854466c",
      "_operation": "DELETE",
      "group_uuid": "449351b4-bd5c-4358-bba8-8b8d410819c2",
      "sender_name": "Gurun Gawa Model Primary Health Centre",
      "role_uuid": "d6b81831-4bb2-4712-bcaa-e522c456a270",
      "longitude": "8.5576275",
      "data_collector_email": "aboubacar.douno@ehealthnigeria.org",
      "manufacturer": "",
      "apk_version_modified": "0.0.125+92",
      "program": "Malaria",
      "is_return": "true",
      "inbound_id": "1502a15e-7324-4107-a972-4e4dfce0ddfd",
      "sender_id": "3",
      "_syncTime": 1598008271096,
      "latitude": "12.0003232",
      "item_id": "123",
      "email": "aboubacar.douno@ehealthnigeria.org",
      "version_modified": "0.0.24",
      "vvm_status": "stage1",
      "expiry_date": "1598050800000",
      "apk_version_created": "0.0.125+92"
    },
    {
      "version_modified": "0.0.24",
      "group_uuid": "449351b4-bd5c-4358-bba8-8b8d410819c2",
      "_table": "inbound",
      "_syncTime": 1598008271217,
      "version_created": "0.0.24",
      "allocation_id": "3668e797-d1ea-4f4f-8b7c-bbbd67379949",
      "vvm_status": "stage1",
      "_operation": "DELETE",
      "apk_version_created": "0.0.127+92",
      "created": "1598004979382",
      "batch_number": "000012",
      "comment": "",
      "modified": "1598004979382",
      "item_id": "273",
      "_syncTimestamp": 1598008271217,
      "data_collector_email": "aboubacar.douno@ehealthnigeria.org",
      "item_name": "Paracetamol 500mg (100/jar)",
      "managed_uuid": "73b919f8-204e-42f7-a626-c6a05c453b6b",
      "expiry_date": "1598223600000",
      "apk_version_modified": "0.0.127+92",
      "inbound_id": "de802eed-b24b-4166-9419-c9fac6c310d8",
      "sender_name": "Kunnawa Primary Health Facility",
      "role_uuid": "d6b81831-4bb2-4712-bcaa-e522c456a270",
      "sender_id": "5",
      "batch_id": "5e9d1bc2-c49c-4212-96cc-9b326ccb761a",
      "slot": null,
      "uuid": "eee0b741-4e23-40df-9d99-a6838e698b73",
      "longitude": "8.5632064",
      "email": "aboubacar.douno@ehealthnigeria.org",
      "program": "Malaria",
      "firebase_uuid": "rvbPS1AuhcVEG4eHlsJ4oxhzb063",
      "manufacturer": "",
      "is_return": "false",
      "date": "1598004975141",
      "quantity": "100.0",
      "latitude": "12.0198961"
    },
    {
      "batch_number": "0008",
      "email": "aboubacar.douno@ehealthnigeria.org",
      "modified": "1598003325808",
      "_operation": "DELETE",
      "item_id": "124",
      "longitude": "8.5632054",
      "program": "Malaria",
      "expiry_date": "1598137200000",
      "vvm_status": "stage2",
      "_syncTimestamp": 1598008271294,
      "apk_version_modified": "0.0.127+92",
      "latitude": "12.0198969",
      "sender_id": "1",
      "item_name": "Hepatitis B",
      "firebase_uuid": "rvbPS1AuhcVEG4eHlsJ4oxhzb063",
      "inbound_id": "a6eec363-7c09-4ac9-9625-3ff4e5b0cb8f",
      "role_uuid": "d6b81831-4bb2-4712-bcaa-e522c456a270",
      "data_collector_email": "aboubacar.douno@ehealthnigeria.org",
      "managed_uuid": "73b919f8-204e-42f7-a626-c6a05c453b6b",
      "created": "1598003325809",
      "allocation_id": "342e73c2-11ae-4b89-97d2-515ba8dbdad0",
      "apk_version_created": "0.0.127+92",
      "sender_name": "Challawa Primary Health Centre",
      "date": "1597878000000",
      "comment": "",
      "_syncTime": 1598008271294,
      "version_created": "0.0.24",
      "uuid": "c26dcce0-96dd-4c2d-9bbd-5e3e118f2e6b",
      "is_return": "false",
      "quantity": "100.0",
      "slot": null,
      "version_modified": "0.0.24",
      "batch_id": "304f4e99-55ab-4a04-bb50-c7ca7aeb3275",
      "manufacturer": "",
      "_table": "inbound",
      "group_uuid": "449351b4-bd5c-4358-bba8-8b8d410819c2"
    },
    {
      "_operation": "DELETE",
      "date": "1597999485509",
      "is_return": "false",
      "quantity": "100.0",
      "managed_uuid": "73b919f8-204e-42f7-a626-c6a05c453b6b",
      "modified": "1597999507807",
      "item_id": "30",
      "expiry_date": "1598050800000",
      "inbound_id": "4819cc42-898d-4ab1-ab48-d50144624fa6",
      "sender_id": "5",
      "version_created": "0.0.24",
      "vvm_status": "stage2",
      "latitude": "12.0200317",
      "program": "Malaria",
      "sender_name": "Kunnawa Primary Health Facility",
      "longitude": "8.5635951",
      "data_collector_email": "aboubacar.douno@ehealthnigeria.org",
      "firebase_uuid": "rvbPS1AuhcVEG4eHlsJ4oxhzb063",
      "_table": "inbound",
      "apk_version_created": "0.0.127+92",
      "apk_version_modified": "0.0.127+92",
      "created": "1597999507808",
      "slot": null,
      "uuid": "5aaf0001-6301-46dc-be76-8070f64fcac1",
      "email": "aboubacar.douno@ehealthnigeria.org",
      "comment": "",
      "_syncTime": 1598008271698,
      "manufacturer": "",
      "group_uuid": "449351b4-bd5c-4358-bba8-8b8d410819c2",
      "_syncTimestamp": 1598008271698,
      "batch_id": "74bbea66-0443-4a5b-8af8-db7b3bdf27ad",
      "version_modified": "0.0.24",
      "allocation_id": "048f0756-cd56-40ae-ad74-76fad4266eb4",
      "batch_number": "006",
      "role_uuid": "d6b81831-4bb2-4712-bcaa-e522c456a270",
      "item_name": "Amoxycilin Dispersible Tab 250mg"
    },
    {
      "manufacturer": "",
      "_syncTime": 1598008272043,
      "_syncTimestamp": 1598008272043,
      "_operation": "DELETE",
      "allocation_id": "342e73c2-11ae-4b89-97d2-515ba8dbdad0",
      "email": "aboubacar.douno@ehealthnigeria.org",
      "vvm_status": "stage2",
      "batch_number": "0009",
      "item_id": "124",
      "created": "1598003440676",
      "latitude": "12.0198969",
      "program": "Malaria",
      "uuid": "72ebbe9f-a367-463f-ae25-0b954efc1b41",
      "quantity": "50.0",
      "apk_version_modified": "0.0.127+92",
      "batch_id": "e78358eb-b581-4d1f-942e-e8837608624e",
      "initial_amount": "50.0",
      "longitude": "8.5632054",
      "role_uuid": "d6b81831-4bb2-4712-bcaa-e522c456a270",
      "expiry_date": "1598310000000",
      "_table": "batch",
      "data_collector_email": "aboubacar.douno@ehealthnigeria.org",
      "version_created": "0.0.24",
      "group_uuid": "449351b4-bd5c-4358-bba8-8b8d410819c2",
      "managed_uuid": "73b919f8-204e-42f7-a626-c6a05c453b6b",
      "apk_version_created": "0.0.127+92",
      "slot": null,
      "item_name": "Hepatitis B",
      "version_modified": "0.0.24",
      "firebase_uuid": "rvbPS1AuhcVEG4eHlsJ4oxhzb063",
      "modified": "1598003440676",
      "date": "1597791600000"
    },
    {
      "quantity_used": "100.0",
      "apk_version_created": "0.0.127+92",
      "recipient": "Douno",
      "role_uuid": "d6b81831-4bb2-4712-bcaa-e522c456a270",
      "utilisation_id": "f9113bed-0e96-4ee2-927e-a40baa24b53c",
      "_table": "utilisation",
      "version_created": "0.0.24",
      "modified": "1597990447445",
      "batch_number": "004",
      "version_modified": "0.0.24",
      "item_id": "30.0",
      "email": "aboubacar.douno@ehealthnigeria.org",
      "created": "1597990447446",
      "latitude": "12.0001417",
      "uuid": "c13528be-02d8-4436-8b11-2704f7803035",
      "firebase_uuid": "rvbPS1AuhcVEG4eHlsJ4oxhzb063",
      "slot": null,
      "managed_uuid": "73b919f8-204e-42f7-a626-c6a05c453b6b",
      "apk_version_modified": "0.0.127+92",
      "comment": "",
      "_syncTime": 1598008273758,
      "date": "1597990416939",
      "_operation": "DELETE",
      "item_name": "Amoxycilin Dispersible Tab 250mg",
      "program": "Malaria",
      "group_uuid": "449351b4-bd5c-4358-bba8-8b8d410819c2",
      "longitude": "8.5576787",
      "is_return": "false",
      "data_collector_email": "aboubacar.douno@ehealthnigeria.org",
      "allocation_id": "048f0756-cd56-40ae-ad74-76fad4266eb4",
      "_syncTimestamp": 1598008273758,
      "vvm_status": "stage1",
      "quantity_wasted": "10.0",
      "quantity": "110.0"
    },
    {
      "apk_version_modified": "0.0.127+92",
      "_operation": "DELETE",
      "quantity": "10.0",
      "version_created": "0.0.24",
      "batch_number": "004",
      "data_collector_email": "aboubacar.douno@ehealthnigeria.org",
      "waste_reason": "expired_product",
      "item_id": "30",
      "managed_uuid": "73b919f8-204e-42f7-a626-c6a05c453b6b",
      "apk_version_created": "0.0.127+92",
      "_syncTimestamp": 1598008276461,
      "longitude": "8.5576254",
      "group_uuid": "449351b4-bd5c-4358-bba8-8b8d410819c2",
      "item_name": "Amoxycilin Dispersible Tab 250mg",
      "program": "Malaria",
      "allocation_id": "048f0756-cd56-40ae-ad74-76fad4266eb4",
      "date": "1597990783496",
      "firebase_uuid": "rvbPS1AuhcVEG4eHlsJ4oxhzb063",
      "_syncTime": 1598008276461,
      "latitude": "12.0003199",
      "version_modified": "0.0.24",
      "_table": "wastage",
      "email": "aboubacar.douno@ehealthnigeria.org",
      "modified": "1597990878029",
      "created": "1597990878029",
      "uuid": "657d0f73-a1fa-4a02-bd2d-345c1fbf27a7",
      "role_uuid": "d6b81831-4bb2-4712-bcaa-e522c456a270",
      "wastage_id": "9792254b-16f9-4d0f-9150-9ffe5e1bc65e",
      "slot": null
    },
    {
      "uuid": "686f36a0-a7fc-4f7b-b977-ec9fb8a719d6",
      "allocation_id": "06b895eb-cf2e-4194-9abd-d8ce5067c8e5",
      "longitude": "8.5632086",
      "latitude": "12.0198942",
      "created": "1598008692408",
      "_syncTimestamp": 1598008694290,
      "apk_version_created": "0.0.127+92",
      "firebase_uuid": "rvbPS1AuhcVEG4eHlsJ4oxhzb063",
      "modified": "1598008692407",
      "customer_name": "Sabo Garba",
      "item_id": "124",
      "group_uuid": "449351b4-bd5c-4358-bba8-8b8d410819c2",
      "apk_version_modified": "0.0.127+92",
      "_syncTime": "2020-08-21 11:18:14.290223+00:00",
      "max": "100000.0",
      "program": "Malaria",
      "managed_uuid": "73b919f8-204e-42f7-a626-c6a05c453b6b",
      "item_name": "Hepatitis B",
      "role_uuid": "d6b81831-4bb2-4712-bcaa-e522c456a270",
      "_table": "allocation",
      "slot": null,
      "version_modified": "0.0.25",
      "email": "aboubacar.douno@ehealthnigeria.org",
      "min": "10.0",
      "version_created": "0.0.25",
      "stock_count": "0",
      "_operation": "CREATE",
      "data_collector_email": "aboubacar.douno@ehealthnigeria.org",
      "customer_id": "4"
    },
    {
      "batch_number": "001",
      "uuid": "aa8fd981-ad12-4730-b382-6847a492cd53",
      "longitude": "8.5632086",
      "role_uuid": "d6b81831-4bb2-4712-bcaa-e522c456a270",
      "created": "1598008727287",
      "latitude": "12.0198942",
      "sender_name": "Kunnawa Primary Health Facility",
      "modified": "1598008727286",
      "apk_version_created": "0.0.127+92",
      "apk_version_modified": "0.0.127+92",
      "manufacturer": "",
      "batch_id": "408424ad-db59-482e-96aa-912e19e1e764",
      "version_modified": "0.0.25",
      "date": "1597878000000",
      "_operation": "CREATE",
      "program": "Malaria",
      "vvm_status": "stage1",
      "data_collector_email": "aboubacar.douno@ehealthnigeria.org",
      "firebase_uuid": "rvbPS1AuhcVEG4eHlsJ4oxhzb063",
      "group_uuid": "449351b4-bd5c-4358-bba8-8b8d410819c2",
      "expiry_date": "1598655600000",
      "_syncTime": "2020-08-21 11:18:48.412735+00:00",
      "comment": "",
      "_table": "inbound",
      "item_id": "124",
      "sender_id": "5",
      "slot": null,
      "inbound_id": "a59fa0e7-13ab-4d75-8b1a-0a08dc159525",
      "email": "aboubacar.douno@ehealthnigeria.org",
      "allocation_id": "06b895eb-cf2e-4194-9abd-d8ce5067c8e5",
      "managed_uuid": "73b919f8-204e-42f7-a626-c6a05c453b6b",
      "quantity": "1000.0",
      "is_return": "false",
      "item_name": "Hepatitis B",
      "_syncTimestamp": 1598008728413,
      "version_created": "0.0.25"
    },
    {
      "uuid": "686f36a0-a7fc-4f7b-b977-ec9fb8a719d6",
      "modified": "1598008727360",
      "min": "10.0",
      "firebase_uuid": "rvbPS1AuhcVEG4eHlsJ4oxhzb063",
      "customer_id": "4",
      "_operation": "UPDATE",
      "version_modified": "0.0.25",
      "_syncTime": "2020-08-21 11:18:48.531007+00:00",
      "email": "aboubacar.douno@ehealthnigeria.org",
      "item_id": "124",
      "item_name": "Hepatitis B",
      "customer_name": "Sabo Garba",
      "managed_uuid": "73b919f8-204e-42f7-a626-c6a05c453b6b",
      "apk_version_created": "0.0.127+92",
      "stock_count": "1000.0",
      "program": "Malaria",
      "_syncTimestamp": 1598008728531,
      "allocation_id": "06b895eb-cf2e-4194-9abd-d8ce5067c8e5",
      "data_collector_email": "aboubacar.douno@ehealthnigeria.org",
      "latitude": "12.0198942",
      "apk_version_modified": "0.0.127+92",
      "version_created": "0.0.25",
      "_table": "allocation",
      "created": "1598008692408",
      "longitude": "8.5632086",
      "max": "100000.0",
      "group_uuid": "449351b4-bd5c-4358-bba8-8b8d410819c2",
      "slot": null,
      "role_uuid": "d6b81831-4bb2-4712-bcaa-e522c456a270"
    },
    {
      "allocation_id": "06b895eb-cf2e-4194-9abd-d8ce5067c8e5",
      "_table": "batch",
      "_syncTime": "2020-08-21 11:18:48.652863+00:00",
      "apk_version_modified": "0.0.127+92",
      "manufacturer": "",
      "slot": null,
      "apk_version_created": "0.0.127+92",
      "batch_number": "001",
      "batch_id": "408424ad-db59-482e-96aa-912e19e1e764",
      "data_collector_email": "aboubacar.douno@ehealthnigeria.org",
      "vvm_status": "stage1",
      "item_name": "Hepatitis B",
      "created": "1598008727387",
      "version_modified": "0.0.25",
      "item_id": "124",
      "expiry_date": "1598655600000",
      "initial_amount": "1000.0",
      "uuid": "a2188e02-eab6-4b61-978f-c915f97d4996",
      "longitude": "8.5632086",
      "role_uuid": "d6b81831-4bb2-4712-bcaa-e522c456a270",
      "version_created": "0.0.25",
      "modified": "1598008727386",
      "firebase_uuid": "rvbPS1AuhcVEG4eHlsJ4oxhzb063",
      "latitude": "12.0198942",
      "_operation": "CREATE",
      "email": "aboubacar.douno@ehealthnigeria.org",
      "_syncTimestamp": 1598008728653,
      "quantity": "1000.0",
      "date": "1597878000000",
      "managed_uuid": "73b919f8-204e-42f7-a626-c6a05c453b6b",
      "group_uuid": "449351b4-bd5c-4358-bba8-8b8d410819c2",
      "program": "Malaria"
    },
    {
      "sender_name": "Kunnawa Primary Health Facility",
      "managed_uuid": "73b919f8-204e-42f7-a626-c6a05c453b6b",
      "allocation_id": "06b895eb-cf2e-4194-9abd-d8ce5067c8e5",
      "vvm_status": "stage1",
      "batch_id": "90a023ad-131c-409b-96d4-f9d6804e7198",
      "sender_id": "5",
      "created": "1598008764433",
      "email": "aboubacar.douno@ehealthnigeria.org",
      "inbound_id": "5a4284b7-e31e-4d2c-af0e-0bb6042d4f69",
      "_syncTime": "2020-08-21 11:19:25.521791+00:00",
      "slot": null,
      "modified": "1598008764433",
      "firebase_uuid": "rvbPS1AuhcVEG4eHlsJ4oxhzb063",
      "data_collector_email": "aboubacar.douno@ehealthnigeria.org",
      "comment": "",
      "apk_version_created": "0.0.127+92",
      "manufacturer": "",
      "_table": "inbound",
      "item_name": "Hepatitis B",
      "uuid": "1210ff74-af6d-403d-b2b5-de8934408a06",
      "expiry_date": "1598569200000",
      "apk_version_modified": "0.0.127+92",
      "date": "1597878000000",
      "batch_number": "001",
      "_syncTimestamp": 1598008765522,
      "_operation": "CREATE",
      "program": "Malaria",
      "quantity": "1000.0",
      "item_id": "124",
      "version_modified": "0.0.25",
      "version_created": "0.0.25",
      "latitude": "12.0198942",
      "group_uuid": "449351b4-bd5c-4358-bba8-8b8d410819c2",
      "is_return": "false",
      "longitude": "8.5632086",
      "role_uuid": "d6b81831-4bb2-4712-bcaa-e522c456a270"
    },
    {
      "modified": "1598008764506",
      "_syncTime": "2020-08-21 11:19:25.648239+00:00",
      "min": "10.0",
      "latitude": "12.0198942",
      "apk_version_created": "0.0.127+92",
      "slot": null,
      "allocation_id": "06b895eb-cf2e-4194-9abd-d8ce5067c8e5",
      "item_id": "124",
      "role_uuid": "d6b81831-4bb2-4712-bcaa-e522c456a270",
      "customer_id": "4",
      "longitude": "8.5632086",
      "uuid": "686f36a0-a7fc-4f7b-b977-ec9fb8a719d6",
      "group_uuid": "449351b4-bd5c-4358-bba8-8b8d410819c2",
      "apk_version_modified": "0.0.127+92",
      "stock_count": "2000.0",
      "item_name": "Hepatitis B",
      "max": "100000.0",
      "data_collector_email": "aboubacar.douno@ehealthnigeria.org",
      "_operation": "UPDATE",
      "email": "aboubacar.douno@ehealthnigeria.org",
      "customer_name": "Sabo Garba",
      "_table": "allocation",
      "version_created": "0.0.25",
      "_syncTimestamp": 1598008765648,
      "managed_uuid": "73b919f8-204e-42f7-a626-c6a05c453b6b",
      "program": "Malaria",
      "version_modified": "0.0.25",
      "created": "1598008692408",
      "firebase_uuid": "rvbPS1AuhcVEG4eHlsJ4oxhzb063"
    },
    {
      "longitude": "8.5632086",
      "email": "aboubacar.douno@ehealthnigeria.org",
      "batch_number": "001",
      "data_collector_email": "aboubacar.douno@ehealthnigeria.org",
      "manufacturer": "",
      "slot": null,
      "batch_id": "408424ad-db59-482e-96aa-912e19e1e764",
      "date": "1597878000000",
      "latitude": "12.0198942",
      "firebase_uuid": "rvbPS1AuhcVEG4eHlsJ4oxhzb063",
      "created": "1598008727387",
      "_syncTime": "2020-08-21 11:19:25.755551+00:00",
      "version_created": "0.0.25",
      "initial_amount": "1000.0",
      "vvm_status": "stage1",
      "program": "Malaria",
      "item_name": "Hepatitis B",
      "version_modified": "0.0.25",
      "uuid": "a2188e02-eab6-4b61-978f-c915f97d4996",
      "allocation_id": "06b895eb-cf2e-4194-9abd-d8ce5067c8e5",
      "expiry_date": "1598655600000",
      "group_uuid": "449351b4-bd5c-4358-bba8-8b8d410819c2",
      "apk_version_created": "0.0.127+92",
      "_syncTimestamp": 1598008765756,
      "quantity": "2000.0",
      "_table": "batch",
      "apk_version_modified": "0.0.127+92",
      "_operation": "UPDATE",
      "managed_uuid": "73b919f8-204e-42f7-a626-c6a05c453b6b",
      "role_uuid": "d6b81831-4bb2-4712-bcaa-e522c456a270",
      "modified": "1598008764548",
      "item_id": "124"
    },
    {
      "apk_version_created": "0.0.127+92",
      "batch_number": "001",
      "data_collector_email": "aboubacar.douno@ehealthnigeria.org",
      "vvm_status": "stage1",
      "_operation": "CREATE",
      "created": "1598008856482",
      "_syncTimestamp": 1598008857763,
      "uuid": "f097c725-af8e-4849-b582-0a56f50fccda",
      "allocation_id": "06b895eb-cf2e-4194-9abd-d8ce5067c8e5",
      "group_uuid": "449351b4-bd5c-4358-bba8-8b8d410819c2",
      "receiver_name": "Kunnawa Primary Health Facility",
      "version_modified": "0.0.25",
      "receiver_id": "5",
      "quantity": "500.0",
      "firebase_uuid": "rvbPS1AuhcVEG4eHlsJ4oxhzb063",
      "email": "aboubacar.douno@ehealthnigeria.org",
      "modified": "1598008856481",
      "is_return": "false",
      "managed_uuid": "73b919f8-204e-42f7-a626-c6a05c453b6b",
      "program": "Malaria",
      "latitude": "12.0198942",
      "date": "1597878000000",
      "role_uuid": "d6b81831-4bb2-4712-bcaa-e522c456a270",
      "apk_version_modified": "0.0.127+92",
      "item_name": "Hepatitis B",
      "slot": null,
      "_syncTime": "2020-08-21 11:20:57.762847+00:00",
      "item_id": "124",
      "_table": "outbound",
      "outbound_id": "73e66a62-3c8e-4248-b611-589518e34450",
      "longitude": "8.5632086",
      "version_created": "0.0.25",
      "comment": ""
    },
    {
      "created": "1598008692408",
      "allocation_id": "06b895eb-cf2e-4194-9abd-d8ce5067c8e5",
      "_syncTimestamp": 1598008857857,
      "max": "100000.0",
      "uuid": "686f36a0-a7fc-4f7b-b977-ec9fb8a719d6",
      "slot": null,
      "version_created": "0.0.25",
      "stock_count": "1500.0",
      "firebase_uuid": "rvbPS1AuhcVEG4eHlsJ4oxhzb063",
      "modified": "1598008856555",
      "min": "10.0",
      "managed_uuid": "73b919f8-204e-42f7-a626-c6a05c453b6b",
      "item_name": "Hepatitis B",
      "_syncTime": "2020-08-21 11:20:57.856991+00:00",
      "longitude": "8.5632086",
      "_table": "allocation",
      "apk_version_created": "0.0.127+92",
      "_operation": "UPDATE",
      "customer_name": "Sabo Garba",
      "data_collector_email": "aboubacar.douno@ehealthnigeria.org",
      "version_modified": "0.0.25",
      "apk_version_modified": "0.0.127+92",
      "group_uuid": "449351b4-bd5c-4358-bba8-8b8d410819c2",
      "latitude": "12.0198942",
      "customer_id": "4",
      "program": "Malaria",
      "email": "aboubacar.douno@ehealthnigeria.org",
      "role_uuid": "d6b81831-4bb2-4712-bcaa-e522c456a270",
      "item_id": "124"
    },
    {
      "batch_number": "001",
      "date": "1597878000000",
      "managed_uuid": "73b919f8-204e-42f7-a626-c6a05c453b6b",
      "item_id": "124",
      "modified": "1598008856583",
      "slot": null,
      "program": "Malaria",
      "data_collector_email": "aboubacar.douno@ehealthnigeria.org",
      "email": "aboubacar.douno@ehealthnigeria.org",
      "firebase_uuid": "rvbPS1AuhcVEG4eHlsJ4oxhzb063",
      "allocation_id": "06b895eb-cf2e-4194-9abd-d8ce5067c8e5",
      "role_uuid": "d6b81831-4bb2-4712-bcaa-e522c456a270",
      "created": "1598008727387",
      "_operation": "UPDATE",
      "_syncTime": "2020-08-21 11:20:57.949295+00:00",
      "version_created": "0.0.25",
      "version_modified": "0.0.25",
      "apk_version_created": "0.0.127+92",
      "batch_id": "408424ad-db59-482e-96aa-912e19e1e764",
      "initial_amount": "1000.0",
      "expiry_date": "1598655600000",
      "vvm_status": "stage1",
      "quantity": "1500.0",
      "group_uuid": "449351b4-bd5c-4358-bba8-8b8d410819c2",
      "_syncTimestamp": 1598008857949,
      "item_name": "Hepatitis B",
      "uuid": "a2188e02-eab6-4b61-978f-c915f97d4996",
      "longitude": "8.5632086",
      "apk_version_modified": "0.0.127+92",
      "_table": "batch",
      "manufacturer": "",
      "latitude": "12.0198942"
    },
    {
      "slot": null,
      "utilisation_id": "bb21e668-fbf5-42f1-a8ba-db0ba0dd6cdc",
      "recipient": "Umar",
      "quantity_wasted": "0.0",
      "uuid": "ea4bc07d-889d-4cc1-bec4-0b6856967273",
      "_syncTimestamp": 1598009149395,
      "version_created": "0.0.25",
      "comment": "",
      "apk_version_created": "0.0.127+92",
      "longitude": "8.5638665",
      "_syncTime": "2020-08-21 11:25:49.394543+00:00",
      "quantity_used": "10.0",
      "program": "Malaria",
      "item_id": "124.0",
      "vvm_status": "stage1",
      "quantity": "10.0",
      "allocation_id": "06b895eb-cf2e-4194-9abd-d8ce5067c8e5",
      "group_uuid": "449351b4-bd5c-4358-bba8-8b8d410819c2",
      "modified": "1598009147249",
      "managed_uuid": "73b919f8-204e-42f7-a626-c6a05c453b6b",
      "item_name": "Hepatitis B",
      "role_uuid": "d6b81831-4bb2-4712-bcaa-e522c456a270",
      "version_modified": "0.0.25",
      "created": "1598009147250",
      "_operation": "CREATE",
      "_table": "utilisation",
      "email": "aboubacar.douno@ehealthnigeria.org",
      "batch_number": "001",
      "data_collector_email": "aboubacar.douno@ehealthnigeria.org",
      "apk_version_modified": "0.0.127+92",
      "firebase_uuid": "rvbPS1AuhcVEG4eHlsJ4oxhzb063",
      "latitude": "12.020016",
      "date": "1598009143688"
    },
    {
      "_table": "allocation",
      "customer_id": "4",
      "apk_version_created": "0.0.127+92",
      "role_uuid": "d6b81831-4bb2-4712-bcaa-e522c456a270",
      "modified": "1598009147353",
      "program": "Malaria",
      "allocation_id": "06b895eb-cf2e-4194-9abd-d8ce5067c8e5",
      "created": "1598008692408",
      "version_modified": "0.0.25",
      "apk_version_modified": "0.0.127+92",
      "min": "10.0",
      "customer_name": "Sabo Garba",
      "_syncTimestamp": 1598009149519,
      "email": "aboubacar.douno@ehealthnigeria.org",
      "stock_count": "1490.0",
      "item_id": "124",
      "data_collector_email": "aboubacar.douno@ehealthnigeria.org",
      "managed_uuid": "73b919f8-204e-42f7-a626-c6a05c453b6b",
      "firebase_uuid": "rvbPS1AuhcVEG4eHlsJ4oxhzb063",
      "max": "100000.0",
      "_syncTime": "2020-08-21 11:25:49.518543+00:00",
      "group_uuid": "449351b4-bd5c-4358-bba8-8b8d410819c2",
      "_operation": "UPDATE",
      "slot": null,
      "longitude": "8.5632086",
      "latitude": "12.0198942",
      "item_name": "Hepatitis B",
      "uuid": "686f36a0-a7fc-4f7b-b977-ec9fb8a719d6",
      "version_created": "0.0.25"
    },
    {
      "role_uuid": "d6b81831-4bb2-4712-bcaa-e522c456a270",
      "_operation": "UPDATE",
      "created": "1598008727387",
      "slot": null,
      "batch_id": "408424ad-db59-482e-96aa-912e19e1e764",
      "group_uuid": "449351b4-bd5c-4358-bba8-8b8d410819c2",
      "allocation_id": "06b895eb-cf2e-4194-9abd-d8ce5067c8e5",
      "initial_amount": "1000.0",
      "_syncTimestamp": 1598009149600,
      "version_modified": "0.0.25",
      "version_created": "0.0.25",
      "expiry_date": "1598655600000",
      "program": "Malaria",
      "manufacturer": "",
      "apk_version_created": "0.0.127+92",
      "longitude": "8.5632086",
      "date": "1597878000000",
      "uuid": "a2188e02-eab6-4b61-978f-c915f97d4996",
      "firebase_uuid": "rvbPS1AuhcVEG4eHlsJ4oxhzb063",
      "latitude": "12.0198942",
      "item_name": "Hepatitis B",
      "vvm_status": "stage1",
      "modified": "1598009147375",
      "_table": "batch",
      "_syncTime": "2020-08-21 11:25:49.600431+00:00",
      "apk_version_modified": "0.0.127+92",
      "data_collector_email": "aboubacar.douno@ehealthnigeria.org",
      "email": "aboubacar.douno@ehealthnigeria.org",
      "quantity": "1490.0",
      "batch_number": "001",
      "item_id": "124",
      "managed_uuid": "73b919f8-204e-42f7-a626-c6a05c453b6b"
    },
    {
      "allocation_id": "f51f5c45-5b85-45db-84e1-4a363cee7a78",
      "_operation": "CREATE",
      "min": "1.0",
      "item_id": "123",
      "managed_uuid": "73b919f8-204e-42f7-a626-c6a05c453b6b",
      "item_name": "BCG",
      "role_uuid": "d6b81831-4bb2-4712-bcaa-e522c456a270",
      "_syncTimestamp": 1598009936177,
      "latitude": "12.0198998",
      "data_collector_email": "aboubacar.douno@ehealthnigeria.org",
      "email": "aboubacar.douno@ehealthnigeria.org",
      "firebase_uuid": "rvbPS1AuhcVEG4eHlsJ4oxhzb063",
      "customer_name": "Sabo Garba",
      "program": "Malaria",
      "apk_version_created": "0.0.127+92",
      "version_created": "0.0.25",
      "max": "10000.0",
      "_syncTime": "2020-08-21 11:38:56.176687+00:00",
      "_table": "allocation",
      "stock_count": "0",
      "version_modified": "0.0.25",
      "slot": null,
      "group_uuid": "449351b4-bd5c-4358-bba8-8b8d410819c2",
      "modified": "1598009933577",
      "created": "1598009933577",
      "uuid": "d8da45e3-7f15-4cc6-b8cd-4927a1debbcc",
      "apk_version_modified": "0.0.127+92",
      "customer_id": "4",
      "longitude": "8.5632943"
    },
    {
      "modified": "1598010282439",
      "role_uuid": "d6b81831-4bb2-4712-bcaa-e522c456a270",
      "is_return": "false",
      "email": "aboubacar.douno@ehealthnigeria.org",
      "comment": "",
      "_syncTimestamp": 1598010285082,
      "expiry_date": "1598569200000",
      "created": "1598010282440",
      "_table": "inbound",
      "firebase_uuid": "rvbPS1AuhcVEG4eHlsJ4oxhzb063",
      "_operation": "CREATE",
      "inbound_id": "26023bfe-be61-4d6d-9b6e-5efcabed9b24",
      "allocation_id": "f51f5c45-5b85-45db-84e1-4a363cee7a78",
      "sender_id": "5",
      "managed_uuid": "73b919f8-204e-42f7-a626-c6a05c453b6b",
      "longitude": "8.5632095",
      "item_name": "BCG",
      "item_id": "123",
      "data_collector_email": "aboubacar.douno@ehealthnigeria.org",
      "slot": null,
      "latitude": "12.0198957",
      "date": "1597878000000",
      "sender_name": "Kunnawa Primary Health Facility",
      "version_modified": "0.0.25",
      "manufacturer": "",
      "_syncTime": "2020-08-21 11:44:45.081919+00:00",
      "apk_version_created": "0.0.127+92",
      "quantity": "1000.0",
      "version_created": "0.0.25",
      "batch_number": "002",
      "uuid": "d28fdd6e-77dd-4866-b127-2355eaadd239",
      "batch_id": "4afbc2b2-cc5d-49ea-8768-9f08451bcd0d",
      "apk_version_modified": "0.0.127+92",
      "program": "Malaria",
      "vvm_status": "stage1",
      "group_uuid": "449351b4-bd5c-4358-bba8-8b8d410819c2"
    },
    {
      "created": "1598009933577",
      "version_created": "0.0.25",
      "allocation_id": "f51f5c45-5b85-45db-84e1-4a363cee7a78",
      "role_uuid": "d6b81831-4bb2-4712-bcaa-e522c456a270",
      "managed_uuid": "73b919f8-204e-42f7-a626-c6a05c453b6b",
      "version_modified": "0.0.25",
      "program": "Malaria",
      "min": "1.0",
      "_syncTimestamp": 1598010285126,
      "apk_version_modified": "0.0.127+92",
      "customer_id": "4",
      "modified": "1598010282530",
      "latitude": "12.0198998",
      "_operation": "UPDATE",
      "apk_version_created": "0.0.127+92",
      "customer_name": "Sabo Garba",
      "firebase_uuid": "rvbPS1AuhcVEG4eHlsJ4oxhzb063",
      "data_collector_email": "aboubacar.douno@ehealthnigeria.org",
      "longitude": "8.5632943",
      "stock_count": "1000.0",
      "group_uuid": "449351b4-bd5c-4358-bba8-8b8d410819c2",
      "item_name": "BCG",
      "max": "10000.0",
      "slot": null,
      "email": "aboubacar.douno@ehealthnigeria.org",
      "_table": "allocation",
      "uuid": "d8da45e3-7f15-4cc6-b8cd-4927a1debbcc",
      "_syncTime": "2020-08-21 11:44:45.125951+00:00",
      "item_id": "123"
    },
    {
      "manufacturer": "",
      "version_created": "0.0.25",
      "managed_uuid": "73b919f8-204e-42f7-a626-c6a05c453b6b",
      "firebase_uuid": "rvbPS1AuhcVEG4eHlsJ4oxhzb063",
      "group_uuid": "449351b4-bd5c-4358-bba8-8b8d410819c2",
      "item_id": "123",
      "created": "1598010282553",
      "quantity": "1000.0",
      "date": "1597878000000",
      "uuid": "00f20745-a77f-4095-b45b-c4572a5d19e4",
      "expiry_date": "1598569200000",
      "version_modified": "0.0.25",
      "batch_id": "4afbc2b2-cc5d-49ea-8768-9f08451bcd0d",
      "_syncTime": "2020-08-21 11:44:45.191119+00:00",
      "latitude": "12.0198957",
      "allocation_id": "f51f5c45-5b85-45db-84e1-4a363cee7a78",
      "batch_number": "002",
      "longitude": "8.5632095",
      "vvm_status": "stage1",
      "program": "Malaria",
      "_table": "batch",
      "data_collector_email": "aboubacar.douno@ehealthnigeria.org",
      "apk_version_modified": "0.0.127+92",
      "email": "aboubacar.douno@ehealthnigeria.org",
      "item_name": "BCG",
      "_syncTimestamp": 1598010285191,
      "initial_amount": "1000.0",
      "_operation": "CREATE",
      "apk_version_created": "0.0.127+92",
      "modified": "1598010282552",
      "slot": null,
      "role_uuid": "d6b81831-4bb2-4712-bcaa-e522c456a270"
    },
    {
      "item_name": "BCG",
      "email": "aboubacar.douno@ehealthnigeria.org",
      "outbound_id": "6e5a90a3-2713-40fb-9184-820cf0802331",
      "_syncTimestamp": 1598010432804,
      "firebase_uuid": "rvbPS1AuhcVEG4eHlsJ4oxhzb063",
      "role_uuid": "d6b81831-4bb2-4712-bcaa-e522c456a270",
      "quantity": "500.0",
      "data_collector_email": "aboubacar.douno@ehealthnigeria.org",
      "version_modified": "0.0.25",
      "is_return": "false",
      "_table": "outbound",
      "created": "1598010430659",
      "_operation": "CREATE",
      "modified": "1598010430659",
      "_syncTime": "2020-08-21 11:47:12.803647+00:00",
      "program": "Malaria",
      "vvm_status": "stage1",
      "item_id": "123",
      "apk_version_created": "0.0.127+92",
      "latitude": "12.0198957",
      "version_created": "0.0.25",
      "batch_number": "002",
      "group_uuid": "449351b4-bd5c-4358-bba8-8b8d410819c2",
      "slot": null,
      "apk_version_modified": "0.0.127+92",
      "receiver_id": "5",
      "managed_uuid": "73b919f8-204e-42f7-a626-c6a05c453b6b",
      "comment": "",
      "uuid": "41878faf-33fe-4206-a8ea-41106da890a5",
      "longitude": "8.5632095",
      "receiver_name": "Kunnawa Primary Health Facility",
      "allocation_id": "f51f5c45-5b85-45db-84e1-4a363cee7a78",
      "date": "1597878000000"
    },
    {
      "email": "aboubacar.douno@ehealthnigeria.org",
      "allocation_id": "f51f5c45-5b85-45db-84e1-4a363cee7a78",
      "data_collector_email": "aboubacar.douno@ehealthnigeria.org",
      "modified": "1598010430736",
      "_table": "allocation",
      "version_modified": "0.0.25",
      "customer_name": "Sabo Garba",
      "latitude": "12.0198998",
      "min": "1.0",
      "customer_id": "4",
      "version_created": "0.0.25",
      "max": "10000.0",
      "item_id": "123",
      "stock_count": "500.0",
      "longitude": "8.5632943",
      "firebase_uuid": "rvbPS1AuhcVEG4eHlsJ4oxhzb063",
      "managed_uuid": "73b919f8-204e-42f7-a626-c6a05c453b6b",
      "program": "Malaria",
      "_syncTime": "2020-08-21 11:47:12.872063+00:00",
      "role_uuid": "d6b81831-4bb2-4712-bcaa-e522c456a270",
      "slot": null,
      "group_uuid": "449351b4-bd5c-4358-bba8-8b8d410819c2",
      "uuid": "d8da45e3-7f15-4cc6-b8cd-4927a1debbcc",
      "apk_version_modified": "0.0.127+92",
      "apk_version_created": "0.0.127+92",
      "item_name": "BCG",
      "_syncTimestamp": 1598010432872,
      "created": "1598009933577",
      "_operation": "UPDATE"
    },
    {
      "uuid": "00f20745-a77f-4095-b45b-c4572a5d19e4",
      "vvm_status": "stage1",
      "created": "1598010282553",
      "latitude": "12.0198957",
      "slot": null,
      "version_modified": "0.0.25",
      "longitude": "8.5632095",
      "quantity": "500.0",
      "program": "Malaria",
      "_operation": "UPDATE",
      "managed_uuid": "73b919f8-204e-42f7-a626-c6a05c453b6b",
      "version_created": "0.0.25",
      "_syncTime": "2020-08-21 11:47:12.951327+00:00",
      "modified": "1598010430757",
      "apk_version_created": "0.0.127+92",
      "item_name": "BCG",
      "expiry_date": "1598569200000",
      "batch_number": "002",
      "email": "aboubacar.douno@ehealthnigeria.org",
      "batch_id": "4afbc2b2-cc5d-49ea-8768-9f08451bcd0d",
      "date": "1597878000000",
      "item_id": "123",
      "firebase_uuid": "rvbPS1AuhcVEG4eHlsJ4oxhzb063",
      "manufacturer": "",
      "data_collector_email": "aboubacar.douno@ehealthnigeria.org",
      "role_uuid": "d6b81831-4bb2-4712-bcaa-e522c456a270",
      "initial_amount": "1000.0",
      "group_uuid": "449351b4-bd5c-4358-bba8-8b8d410819c2",
      "_syncTimestamp": 1598010432951,
      "allocation_id": "f51f5c45-5b85-45db-84e1-4a363cee7a78",
      "_table": "batch",
      "apk_version_modified": "0.0.127+92"
    },
    {
      "expiry_date": "1598569200000",
      "date": "1597878000000",
      "sender_name": "Challawa Primary Health Centre",
      "_syncTime": "2020-08-21 11:48:04.975919+00:00",
      "manufacturer": "",
      "_table": "inbound",
      "created": "1598010483171",
      "slot": null,
      "program": "Malaria",
      "_operation": "CREATE",
      "inbound_id": "a6429bf1-4c1f-4d9e-9d25-750f5fb1f2df",
      "quantity": "1000.0",
      "item_name": "BCG",
      "modified": "1598010483170",
      "item_id": "123",
      "_syncTimestamp": 1598010484976,
      "version_modified": "0.0.25",
      "managed_uuid": "73b919f8-204e-42f7-a626-c6a05c453b6b",
      "email": "aboubacar.douno@ehealthnigeria.org",
      "latitude": "12.0198957",
      "allocation_id": "f51f5c45-5b85-45db-84e1-4a363cee7a78",
      "group_uuid": "449351b4-bd5c-4358-bba8-8b8d410819c2",
      "is_return": "false",
      "data_collector_email": "aboubacar.douno@ehealthnigeria.org",
      "uuid": "f35cdfac-ce7e-4da8-8a64-ce64baf5ec7b",
      "batch_number": "002",
      "firebase_uuid": "rvbPS1AuhcVEG4eHlsJ4oxhzb063",
      "comment": "",
      "batch_id": "e84a0731-3726-4294-bf0a-3e3178f04200",
      "vvm_status": "stage1",
      "apk_version_modified": "0.0.127+92",
      "apk_version_created": "0.0.127+92",
      "sender_id": "1",
      "role_uuid": "d6b81831-4bb2-4712-bcaa-e522c456a270",
      "longitude": "8.5632095",
      "version_created": "0.0.25"
    },
    {
      "version_modified": "0.0.25",
      "program": "Malaria",
      "customer_id": "4",
      "max": "10000.0",
      "created": "1598009933577",
      "stock_count": "1500.0",
      "group_uuid": "449351b4-bd5c-4358-bba8-8b8d410819c2",
      "_syncTimestamp": 1598010485043,
      "min": "1.0",
      "email": "aboubacar.douno@ehealthnigeria.org",
      "_table": "allocation",
      "managed_uuid": "73b919f8-204e-42f7-a626-c6a05c453b6b",
      "latitude": "12.0198998",
      "data_collector_email": "aboubacar.douno@ehealthnigeria.org",
      "role_uuid": "d6b81831-4bb2-4712-bcaa-e522c456a270",
      "firebase_uuid": "rvbPS1AuhcVEG4eHlsJ4oxhzb063",
      "apk_version_modified": "0.0.127+92",
      "item_name": "BCG",
      "modified": "1598010483293",
      "uuid": "d8da45e3-7f15-4cc6-b8cd-4927a1debbcc",
      "slot": null,
      "customer_name": "Sabo Garba",
      "apk_version_created": "0.0.127+92",
      "version_created": "0.0.25",
      "allocation_id": "f51f5c45-5b85-45db-84e1-4a363cee7a78",
      "_syncTime": "2020-08-21 11:48:05.042719+00:00",
      "item_id": "123",
      "_operation": "UPDATE",
      "longitude": "8.5632943"
    },
    {
      "date": "1597878000000",
      "batch_id": "4afbc2b2-cc5d-49ea-8768-9f08451bcd0d",
      "item_id": "123",
      "data_collector_email": "aboubacar.douno@ehealthnigeria.org",
      "modified": "1598010483317",
      "email": "aboubacar.douno@ehealthnigeria.org",
      "apk_version_modified": "0.0.127+92",
      "managed_uuid": "73b919f8-204e-42f7-a626-c6a05c453b6b",
      "longitude": "8.5632095",
      "uuid": "00f20745-a77f-4095-b45b-c4572a5d19e4",
      "allocation_id": "f51f5c45-5b85-45db-84e1-4a363cee7a78",
      "vvm_status": "stage1",
      "batch_number": "002",
      "firebase_uuid": "rvbPS1AuhcVEG4eHlsJ4oxhzb063",
      "manufacturer": "",
      "_syncTimestamp": 1598010485120,
      "group_uuid": "449351b4-bd5c-4358-bba8-8b8d410819c2",
      "expiry_date": "1598569200000",
      "latitude": "12.0198957",
      "item_name": "BCG",
      "slot": null,
      "version_modified": "0.0.25",
      "program": "Malaria",
      "_table": "batch",
      "_syncTime": "2020-08-21 11:48:05.119679+00:00",
      "role_uuid": "d6b81831-4bb2-4712-bcaa-e522c456a270",
      "quantity": "1500.0",
      "_operation": "UPDATE",
      "created": "1598010282553",
      "apk_version_created": "0.0.127+92",
      "version_created": "0.0.25",
      "initial_amount": "1000.0"
    },
    {
      "modified": "1598010807653",
      "latitude": "12.0198957",
      "uuid": "143c0188-6722-492a-bcd4-ae708f594bdd",
      "recipient": "Sanni",
      "quantity": "10.0",
      "slot": null,
      "group_uuid": "449351b4-bd5c-4358-bba8-8b8d410819c2",
      "apk_version_modified": "0.0.127+92",
      "email": "aboubacar.douno@ehealthnigeria.org",
      "data_collector_email": "aboubacar.douno@ehealthnigeria.org",
      "firebase_uuid": "rvbPS1AuhcVEG4eHlsJ4oxhzb063",
      "_table": "utilisation",
      "vvm_status": "stage1",
      "quantity_used": "10.0",
      "apk_version_created": "0.0.127+92",
      "item_id": "123.0",
      "_syncTime": "2020-08-21 11:53:30.074047+00:00",
      "_operation": "CREATE",
      "utilisation_id": "40f5f111-9e10-4cee-9ba8-dece04280384",
      "managed_uuid": "73b919f8-204e-42f7-a626-c6a05c453b6b",
      "created": "1598010807654",
      "item_name": "BCG",
      "allocation_id": "f51f5c45-5b85-45db-84e1-4a363cee7a78",
      "quantity_wasted": "0.0",
      "longitude": "8.5632095",
      "comment": "",
      "_syncTimestamp": 1598010810074,
      "version_created": "0.0.25",
      "batch_number": "002",
      "program": "Malaria",
      "role_uuid": "d6b81831-4bb2-4712-bcaa-e522c456a270",
      "version_modified": "0.0.25",
      "date": "1597878000000"
    },
    {
      "role_uuid": "d6b81831-4bb2-4712-bcaa-e522c456a270",
      "slot": null,
      "item_id": "123",
      "latitude": "12.0198998",
      "allocation_id": "f51f5c45-5b85-45db-84e1-4a363cee7a78",
      "apk_version_created": "0.0.127+92",
      "customer_name": "Sabo Garba",
      "apk_version_modified": "0.0.127+92",
      "firebase_uuid": "rvbPS1AuhcVEG4eHlsJ4oxhzb063",
      "group_uuid": "449351b4-bd5c-4358-bba8-8b8d410819c2",
      "managed_uuid": "73b919f8-204e-42f7-a626-c6a05c453b6b",
      "max": "10000.0",
      "version_created": "0.0.25",
      "uuid": "d8da45e3-7f15-4cc6-b8cd-4927a1debbcc",
      "longitude": "8.5632943",
      "min": "1.0",
      "data_collector_email": "aboubacar.douno@ehealthnigeria.org",
      "_table": "allocation",
      "version_modified": "0.0.25",
      "email": "aboubacar.douno@ehealthnigeria.org",
      "created": "1598009933577",
      "_syncTime": "2020-08-21 11:53:30.186767+00:00",
      "_syncTimestamp": 1598010810187,
      "program": "Malaria",
      "customer_id": "4",
      "_operation": "UPDATE",
      "stock_count": "1490.0",
      "item_name": "BCG",
      "modified": "1598010807756"
    },
    {
      "item_name": "BCG",
      "longitude": "8.5632095",
      "initial_amount": "1000.0",
      "version_created": "0.0.25",
      "role_uuid": "d6b81831-4bb2-4712-bcaa-e522c456a270",
      "modified": "1598010807778",
      "batch_id": "4afbc2b2-cc5d-49ea-8768-9f08451bcd0d",
      "program": "Malaria",
      "item_id": "123",
      "version_modified": "0.0.25",
      "managed_uuid": "73b919f8-204e-42f7-a626-c6a05c453b6b",
      "latitude": "12.0198957",
      "batch_number": "002",
      "created": "1598010282553",
      "_table": "batch",
      "quantity": "1490.0",
      "allocation_id": "f51f5c45-5b85-45db-84e1-4a363cee7a78",
      "_syncTimestamp": 1598010810296,
      "firebase_uuid": "rvbPS1AuhcVEG4eHlsJ4oxhzb063",
      "date": "1597878000000",
      "slot": null,
      "apk_version_created": "0.0.127+92",
      "manufacturer": "",
      "_syncTime": "2020-08-21 11:53:30.295519+00:00",
      "data_collector_email": "aboubacar.douno@ehealthnigeria.org",
      "uuid": "00f20745-a77f-4095-b45b-c4572a5d19e4",
      "expiry_date": "1598569200000",
      "vvm_status": "stage1",
      "email": "aboubacar.douno@ehealthnigeria.org",
      "_operation": "UPDATE",
      "apk_version_modified": "0.0.127+92",
      "group_uuid": "449351b4-bd5c-4358-bba8-8b8d410819c2"
    },
    {
      "version_created": "0.0.25",
      "role_uuid": "d6b81831-4bb2-4712-bcaa-e522c456a270",
      "quantity_used": "10.0",
      "comment": "",
      "_table": "utilisation",
      "item_name": "BCG",
      "data_collector_email": "aboubacar.douno@ehealthnigeria.org",
      "version_modified": "0.0.25",
      "apk_version_created": "0.0.127+92",
      "_syncTime": "2020-08-21 11:55:23.744031+00:00",
      "created": "1598010921794",
      "date": "1597878000000",
      "modified": "1598010921794",
      "batch_number": "002",
      "managed_uuid": "73b919f8-204e-42f7-a626-c6a05c453b6b",
      "apk_version_modified": "0.0.127+92",
      "slot": null,
      "email": "aboubacar.douno@ehealthnigeria.org",
      "_operation": "CREATE",
      "uuid": "0d2ba933-cafe-4a72-81e1-5c9c97ca9495",
      "vvm_status": "stage1",
      "utilisation_id": "846f1209-2247-4c5b-bb1f-ebbb8c4c1b34",
      "group_uuid": "449351b4-bd5c-4358-bba8-8b8d410819c2",
      "quantity_wasted": "0.0",
      "program": "Malaria",
      "quantity": "10.0",
      "longitude": "8.5632095",
      "firebase_uuid": "rvbPS1AuhcVEG4eHlsJ4oxhzb063",
      "allocation_id": "f51f5c45-5b85-45db-84e1-4a363cee7a78",
      "latitude": "12.0198957",
      "_syncTimestamp": 1598010923744,
      "recipient": "John",
      "item_id": "123.0"
    },
    {
      "_operation": "UPDATE",
      "_table": "allocation",
      "latitude": "12.0198998",
      "_syncTimestamp": 1598010923876,
      "uuid": "d8da45e3-7f15-4cc6-b8cd-4927a1debbcc",
      "customer_name": "Sabo Garba",
      "firebase_uuid": "rvbPS1AuhcVEG4eHlsJ4oxhzb063",
      "group_uuid": "449351b4-bd5c-4358-bba8-8b8d410819c2",
      "min": "1.0",
      "version_modified": "0.0.25",
      "data_collector_email": "aboubacar.douno@ehealthnigeria.org",
      "item_name": "BCG",
      "customer_id": "4",
      "stock_count": "1480.0",
      "version_created": "0.0.25",
      "apk_version_modified": "0.0.127+92",
      "managed_uuid": "73b919f8-204e-42f7-a626-c6a05c453b6b",
      "email": "aboubacar.douno@ehealthnigeria.org",
      "_syncTime": "2020-08-21 11:55:23.876143+00:00",
      "role_uuid": "d6b81831-4bb2-4712-bcaa-e522c456a270",
      "created": "1598009933577",
      "apk_version_created": "0.0.127+92",
      "program": "Malaria",
      "allocation_id": "f51f5c45-5b85-45db-84e1-4a363cee7a78",
      "max": "10000.0",
      "modified": "1598010921874",
      "slot": null,
      "longitude": "8.5632943",
      "item_id": "123"
    },
    {
      "_operation": "UPDATE",
      "vvm_status": "stage1",
      "quantity": "1480.0",
      "allocation_id": "f51f5c45-5b85-45db-84e1-4a363cee7a78",
      "apk_version_modified": "0.0.127+92",
      "batch_number": "002",
      "manufacturer": "",
      "_syncTime": "2020-08-21 11:55:23.968063+00:00",
      "program": "Malaria",
      "latitude": "12.0198957",
      "managed_uuid": "73b919f8-204e-42f7-a626-c6a05c453b6b",
      "role_uuid": "d6b81831-4bb2-4712-bcaa-e522c456a270",
      "expiry_date": "1598569200000",
      "uuid": "00f20745-a77f-4095-b45b-c4572a5d19e4",
      "group_uuid": "449351b4-bd5c-4358-bba8-8b8d410819c2",
      "initial_amount": "1000.0",
      "batch_id": "4afbc2b2-cc5d-49ea-8768-9f08451bcd0d",
      "created": "1598010282553",
      "item_id": "123",
      "_table": "batch",
      "modified": "1598010921901",
      "version_created": "0.0.25",
      "item_name": "BCG",
      "slot": null,
      "version_modified": "0.0.25",
      "data_collector_email": "aboubacar.douno@ehealthnigeria.org",
      "_syncTimestamp": 1598010923968,
      "date": "1597878000000",
      "longitude": "8.5632095",
      "apk_version_created": "0.0.127+92",
      "firebase_uuid": "rvbPS1AuhcVEG4eHlsJ4oxhzb063",
      "email": "aboubacar.douno@ehealthnigeria.org"
    },
    {
      "modified": "1598011077838",
      "firebase_uuid": "rvbPS1AuhcVEG4eHlsJ4oxhzb063",
      "waste_reason": "expired_product",
      "email": "aboubacar.douno@ehealthnigeria.org",
      "version_modified": "0.0.25",
      "batch_number": "002",
      "wastage_id": "dd9e5dba-8629-41b4-9a12-5850a665545d",
      "apk_version_created": "0.0.127+92",
      "managed_uuid": "73b919f8-204e-42f7-a626-c6a05c453b6b",
      "quantity": "10.0",
      "_syncTime": "2020-08-21 11:57:59.805503+00:00",
      "item_name": "BCG",
      "_syncTimestamp": 1598011079806,
      "item_id": "123",
      "program": "Malaria",
      "uuid": "56a6ad2c-4359-4c2a-a580-db2805345877",
      "_table": "wastage",
      "slot": null,
      "group_uuid": "449351b4-bd5c-4358-bba8-8b8d410819c2",
      "data_collector_email": "aboubacar.douno@ehealthnigeria.org",
      "_operation": "CREATE",
      "created": "1598011077838",
      "latitude": "12.0198957",
      "version_created": "0.0.25",
      "date": "1597878000000",
      "apk_version_modified": "0.0.127+92",
      "longitude": "8.5632095",
      "role_uuid": "d6b81831-4bb2-4712-bcaa-e522c456a270",
      "allocation_id": "f51f5c45-5b85-45db-84e1-4a363cee7a78"
    },
    {
      "manufacturer": "",
      "longitude": "8.5632095",
      "modified": "1598011077936",
      "batch_number": "002",
      "program": "Malaria",
      "vvm_status": "stage1",
      "expiry_date": "1598569200000",
      "version_modified": "0.0.25",
      "date": "1597878000000",
      "slot": null,
      "initial_amount": "1000.0",
      "created": "1598010282553",
      "uuid": "00f20745-a77f-4095-b45b-c4572a5d19e4",
      "version_created": "0.0.25",
      "allocation_id": "f51f5c45-5b85-45db-84e1-4a363cee7a78",
      "item_id": "123",
      "role_uuid": "d6b81831-4bb2-4712-bcaa-e522c456a270",
      "managed_uuid": "73b919f8-204e-42f7-a626-c6a05c453b6b",
      "_syncTimestamp": 1598011079893,
      "apk_version_modified": "0.0.127+92",
      "group_uuid": "449351b4-bd5c-4358-bba8-8b8d410819c2",
      "firebase_uuid": "rvbPS1AuhcVEG4eHlsJ4oxhzb063",
      "batch_id": "4afbc2b2-cc5d-49ea-8768-9f08451bcd0d",
      "item_name": "BCG",
      "latitude": "12.0198957",
      "apk_version_created": "0.0.127+92",
      "email": "aboubacar.douno@ehealthnigeria.org",
      "data_collector_email": "aboubacar.douno@ehealthnigeria.org",
      "_table": "batch",
      "_syncTime": "2020-08-21 11:57:59.893135+00:00",
      "_operation": "UPDATE",
      "quantity": "1470.0"
    },
    {
      "email": "aboubacar.douno@ehealthnigeria.org",
      "_operation": "UPDATE",
      "group_uuid": "449351b4-bd5c-4358-bba8-8b8d410819c2",
      "_syncTime": "2020-08-21 11:58:00.005311+00:00",
      "min": "1.0",
      "customer_name": "Sabo Garba",
      "managed_uuid": "73b919f8-204e-42f7-a626-c6a05c453b6b",
      "stock_count": "1470.0",
      "uuid": "d8da45e3-7f15-4cc6-b8cd-4927a1debbcc",
      "apk_version_modified": "0.0.127+92",
      "program": "Malaria",
      "_table": "allocation",
      "customer_id": "4",
      "_syncTimestamp": 1598011080005,
      "allocation_id": "f51f5c45-5b85-45db-84e1-4a363cee7a78",
      "firebase_uuid": "rvbPS1AuhcVEG4eHlsJ4oxhzb063",
      "longitude": "8.5632943",
      "version_created": "0.0.25",
      "version_modified": "0.0.25",
      "modified": "1598011077963",
      "latitude": "12.0198998",
      "apk_version_created": "0.0.127+92",
      "slot": null,
      "data_collector_email": "aboubacar.douno@ehealthnigeria.org",
      "item_name": "BCG",
      "created": "1598009933577",
      "item_id": "123",
      "role_uuid": "d6b81831-4bb2-4712-bcaa-e522c456a270",
      "max": "10000.0"
    },
    {
      "vvm_status": "stage1",
      "sender_id": "2",
      "apk_version_created": "0.0.127+92",
      "managed_uuid": "73b919f8-204e-42f7-a626-c6a05c453b6b",
      "_syncTime": "2020-08-21 11:59:05.729183+00:00",
      "batch_id": "9365ffa8-35e4-4d91-b72f-6e3e8031c982",
      "uuid": "e9be9826-1e02-4e09-9305-905428f72a4f",
      "program": "Malaria",
      "data_collector_email": "aboubacar.douno@ehealthnigeria.org",
      "_syncTimestamp": 1598011145729,
      "item_id": "123",
      "created": "1598011143691",
      "role_uuid": "d6b81831-4bb2-4712-bcaa-e522c456a270",
      "quantity": "100.0",
      "group_uuid": "449351b4-bd5c-4358-bba8-8b8d410819c2",
      "item_name": "BCG",
      "comment": "",
      "_operation": "CREATE",
      "sender_name": "Yarimawa Health Post",
      "version_created": "0.0.25",
      "apk_version_modified": "0.0.127+92",
      "firebase_uuid": "rvbPS1AuhcVEG4eHlsJ4oxhzb063",
      "_table": "inbound",
      "expiry_date": "1598050800000",
      "longitude": "8.5632095",
      "email": "aboubacar.douno@ehealthnigeria.org",
      "allocation_id": "f51f5c45-5b85-45db-84e1-4a363cee7a78",
      "latitude": "12.0198957",
      "inbound_id": "96d80fb8-cea2-4c6e-b457-6739c566c5df",
      "is_return": "false",
      "slot": null,
      "manufacturer": "",
      "version_modified": "0.0.25",
      "batch_number": "003",
      "date": "1598011114840",
      "modified": "1598011143690"
    },
    {
      "_syncTimestamp": 1598011145816,
      "group_uuid": "449351b4-bd5c-4358-bba8-8b8d410819c2",
      "slot": null,
      "_syncTime": "2020-08-21 11:59:05.815583+00:00",
      "allocation_id": "f51f5c45-5b85-45db-84e1-4a363cee7a78",
      "version_created": "0.0.25",
      "program": "Malaria",
      "modified": "1598011143779",
      "managed_uuid": "73b919f8-204e-42f7-a626-c6a05c453b6b",
      "apk_version_created": "0.0.127+92",
      "item_name": "BCG",
      "longitude": "8.5632943",
      "role_uuid": "d6b81831-4bb2-4712-bcaa-e522c456a270",
      "stock_count": "1570.0",
      "uuid": "d8da45e3-7f15-4cc6-b8cd-4927a1debbcc",
      "min": "1.0",
      "created": "1598009933577",
      "_operation": "UPDATE",
      "firebase_uuid": "rvbPS1AuhcVEG4eHlsJ4oxhzb063",
      "email": "aboubacar.douno@ehealthnigeria.org",
      "item_id": "123",
      "customer_id": "4",
      "latitude": "12.0198998",
      "data_collector_email": "aboubacar.douno@ehealthnigeria.org",
      "apk_version_modified": "0.0.127+92",
      "_table": "allocation",
      "version_modified": "0.0.25",
      "max": "10000.0",
      "customer_name": "Sabo Garba"
    },
    {
      "version_created": "0.0.25",
      "version_modified": "0.0.25",
      "date": "1598011114840",
      "_syncTime": "2020-08-21 11:59:05.904927+00:00",
      "allocation_id": "f51f5c45-5b85-45db-84e1-4a363cee7a78",
      "manufacturer": "",
      "batch_number": "003",
      "group_uuid": "449351b4-bd5c-4358-bba8-8b8d410819c2",
      "vvm_status": "stage1",
      "modified": "1598011143802",
      "apk_version_modified": "0.0.127+92",
      "item_name": "BCG",
      "batch_id": "9365ffa8-35e4-4d91-b72f-6e3e8031c982",
      "data_collector_email": "aboubacar.douno@ehealthnigeria.org",
      "_syncTimestamp": 1598011145905,
      "initial_amount": "100.0",
      "expiry_date": "1598050800000",
      "firebase_uuid": "rvbPS1AuhcVEG4eHlsJ4oxhzb063",
      "quantity": "100.0",
      "longitude": "8.5632095",
      "slot": null,
      "managed_uuid": "73b919f8-204e-42f7-a626-c6a05c453b6b",
      "_table": "batch",
      "item_id": "123",
      "email": "aboubacar.douno@ehealthnigeria.org",
      "_operation": "CREATE",
      "program": "Malaria",
      "latitude": "12.0198957",
      "created": "1598011143803",
      "role_uuid": "d6b81831-4bb2-4712-bcaa-e522c456a270",
      "uuid": "85f4ba1b-cb4c-4fd2-a34f-e7961ff85d70",
      "apk_version_created": "0.0.127+92"
    },
    {
      "email": "aboubacar.douno@ehealthnigeria.org",
      "program": "Malaria",
      "slot": null,
      "created": "1598016061208",
      "allocation_id": "168e11c1-b66e-450d-804a-941bb98c3291",
      "managed_uuid": "73b919f8-204e-42f7-a626-c6a05c453b6b",
      "item_name": "Rotavirus",
      "data_collector_email": "aboubacar.douno@ehealthnigeria.org",
      "latitude": "12.0198966",
      "_operation": "CREATE",
      "_table": "allocation",
      "version_created": "0.0.26",
      "firebase_uuid": "rvbPS1AuhcVEG4eHlsJ4oxhzb063",
      "role_uuid": "d6b81831-4bb2-4712-bcaa-e522c456a270",
      "version_modified": "0.0.26",
      "stock_count": "0",
      "item_id": "131",
      "longitude": "8.5631605",
      "customer_name": "Sabo Garba",
      "group_uuid": "449351b4-bd5c-4358-bba8-8b8d410819c2",
      "apk_version_created": "0.0.127+92",
      "apk_version_modified": "0.0.127+92",
      "_syncTime": "2020-08-21 13:21:02.870655+00:00",
      "_syncTimestamp": 1598016062871,
      "uuid": "dd04a478-67f0-4396-95c6-666f69e1671d",
      "min": "10.0",
      "modified": "1598016061208",
      "customer_id": "4",
      "max": "10000.0"
    },
    {
      "_syncTime": "2020-08-21 13:22:59.016719+00:00",
      "apk_version_created": "0.0.127+92",
      "_operation": "CREATE",
      "group_uuid": "449351b4-bd5c-4358-bba8-8b8d410819c2",
      "program": "Malaria",
      "_table": "inbound",
      "slot": null,
      "manufacturer": "",
      "item_id": "131",
      "version_modified": "0.0.26",
      "comment": "",
      "modified": "1598016177172",
      "sender_id": "1",
      "latitude": "12.0198966",
      "apk_version_modified": "0.0.127+92",
      "quantity": "1000.0",
      "data_collector_email": "aboubacar.douno@ehealthnigeria.org",
      "longitude": "8.5631605",
      "inbound_id": "46c358da-bdcc-4598-a2a6-d30cf5e3cd27",
      "expiry_date": "1598569200000",
      "email": "aboubacar.douno@ehealthnigeria.org",
      "firebase_uuid": "rvbPS1AuhcVEG4eHlsJ4oxhzb063",
      "role_uuid": "d6b81831-4bb2-4712-bcaa-e522c456a270",
      "vvm_status": "stage1",
      "batch_number": "004",
      "allocation_id": "168e11c1-b66e-450d-804a-941bb98c3291",
      "sender_name": "Challawa Primary Health Centre",
      "item_name": "Rotavirus",
      "date": "1597878000000",
      "version_created": "0.0.26",
      "is_return": "false",
      "uuid": "61c03f21-1f77-4636-8509-3c1eb04515b3",
      "_syncTimestamp": 1598016179017,
      "created": "1598016177173",
      "managed_uuid": "73b919f8-204e-42f7-a626-c6a05c453b6b",
      "batch_id": "53cec027-3270-436e-ad4f-59a0b121a35f"
    },
    {
      "created": "1598016061208",
      "modified": "1598016177251",
      "item_id": "131",
      "firebase_uuid": "rvbPS1AuhcVEG4eHlsJ4oxhzb063",
      "_table": "allocation",
      "slot": null,
      "customer_name": "Sabo Garba",
      "apk_version_created": "0.0.127+92",
      "min": "10.0",
      "longitude": "8.5631605",
      "_operation": "UPDATE",
      "data_collector_email": "aboubacar.douno@ehealthnigeria.org",
      "max": "10000.0",
      "group_uuid": "449351b4-bd5c-4358-bba8-8b8d410819c2",
      "customer_id": "4",
      "allocation_id": "168e11c1-b66e-450d-804a-941bb98c3291",
      "_syncTime": "2020-08-21 13:22:59.118383+00:00",
      "uuid": "dd04a478-67f0-4396-95c6-666f69e1671d",
      "item_name": "Rotavirus",
      "role_uuid": "d6b81831-4bb2-4712-bcaa-e522c456a270",
      "stock_count": "1000.0",
      "email": "aboubacar.douno@ehealthnigeria.org",
      "version_created": "0.0.26",
      "managed_uuid": "73b919f8-204e-42f7-a626-c6a05c453b6b",
      "_syncTimestamp": 1598016179118,
      "program": "Malaria",
      "version_modified": "0.0.26",
      "apk_version_modified": "0.0.127+92",
      "latitude": "12.0198966"
    },
    {
      "item_id": "131",
      "batch_number": "004",
      "email": "aboubacar.douno@ehealthnigeria.org",
      "apk_version_created": "0.0.127+92",
      "created": "1598016177282",
      "latitude": "12.0198966",
      "role_uuid": "d6b81831-4bb2-4712-bcaa-e522c456a270",
      "item_name": "Rotavirus",
      "version_modified": "0.0.26",
      "program": "Malaria",
      "date": "1597878000000",
      "uuid": "e3ac20c1-f5df-43e3-9d05-0f6da74689c5",
      "initial_amount": "1000.0",
      "modified": "1598016177281",
      "slot": null,
      "vvm_status": "stage1",
      "firebase_uuid": "rvbPS1AuhcVEG4eHlsJ4oxhzb063",
      "version_created": "0.0.26",
      "allocation_id": "168e11c1-b66e-450d-804a-941bb98c3291",
      "managed_uuid": "73b919f8-204e-42f7-a626-c6a05c453b6b",
      "expiry_date": "1598569200000",
      "_syncTimestamp": 1598016179222,
      "apk_version_modified": "0.0.127+92",
      "_syncTime": "2020-08-21 13:22:59.222399+00:00",
      "manufacturer": "",
      "quantity": "1000.0",
      "batch_id": "53cec027-3270-436e-ad4f-59a0b121a35f",
      "data_collector_email": "aboubacar.douno@ehealthnigeria.org",
      "longitude": "8.5631605",
      "_operation": "CREATE",
      "group_uuid": "449351b4-bd5c-4358-bba8-8b8d410819c2",
      "_table": "batch"
    },
    {
      "_table": "outbound",
      "item_name": "Rotavirus",
      "receiver_id": "5",
      "longitude": "8.5631605",
      "vvm_status": "stage1",
      "program": "Malaria",
      "slot": null,
      "comment": "",
      "quantity": "500.0",
      "is_return": "false",
      "apk_version_created": "0.0.127+92",
      "modified": "1598016311058",
      "batch_number": "004",
      "firebase_uuid": "rvbPS1AuhcVEG4eHlsJ4oxhzb063",
      "date": "1597878000000",
      "_syncTime": "2020-08-21 13:25:12.830383+00:00",
      "_syncTimestamp": 1598016312830,
      "managed_uuid": "73b919f8-204e-42f7-a626-c6a05c453b6b",
      "outbound_id": "41ee50bc-0868-4623-99b3-ec0aa78f8750",
      "created": "1598016311058",
      "_operation": "CREATE",
      "uuid": "119c49b2-7141-45a7-ae4e-f6bbf4ea64fc",
      "version_created": "0.0.26",
      "item_id": "131",
      "email": "aboubacar.douno@ehealthnigeria.org",
      "receiver_name": "Kunnawa Primary Health Facility",
      "apk_version_modified": "0.0.127+92",
      "latitude": "12.0198966",
      "version_modified": "0.0.26",
      "role_uuid": "d6b81831-4bb2-4712-bcaa-e522c456a270",
      "data_collector_email": "aboubacar.douno@ehealthnigeria.org",
      "group_uuid": "449351b4-bd5c-4358-bba8-8b8d410819c2",
      "allocation_id": "168e11c1-b66e-450d-804a-941bb98c3291"
    },
    {
      "max": "10000.0",
      "firebase_uuid": "rvbPS1AuhcVEG4eHlsJ4oxhzb063",
      "program": "Malaria",
      "min": "10.0",
      "latitude": "12.0198966",
      "_table": "allocation",
      "_syncTime": "2020-08-21 13:25:12.905727+00:00",
      "version_created": "0.0.26",
      "data_collector_email": "aboubacar.douno@ehealthnigeria.org",
      "customer_name": "Sabo Garba",
      "group_uuid": "449351b4-bd5c-4358-bba8-8b8d410819c2",
      "item_id": "131",
      "slot": null,
      "managed_uuid": "73b919f8-204e-42f7-a626-c6a05c453b6b",
      "modified": "1598016311147",
      "email": "aboubacar.douno@ehealthnigeria.org",
      "allocation_id": "168e11c1-b66e-450d-804a-941bb98c3291",
      "uuid": "dd04a478-67f0-4396-95c6-666f69e1671d",
      "created": "1598016061208",
      "_syncTimestamp": 1598016312906,
      "role_uuid": "d6b81831-4bb2-4712-bcaa-e522c456a270",
      "apk_version_created": "0.0.127+92",
      "longitude": "8.5631605",
      "apk_version_modified": "0.0.127+92",
      "item_name": "Rotavirus",
      "customer_id": "4",
      "version_modified": "0.0.26",
      "stock_count": "500.0",
      "_operation": "UPDATE"
    },
    {
      "modified": "1598016311170",
      "uuid": "e3ac20c1-f5df-43e3-9d05-0f6da74689c5",
      "apk_version_created": "0.0.127+92",
      "_operation": "UPDATE",
      "created": "1598016177282",
      "group_uuid": "449351b4-bd5c-4358-bba8-8b8d410819c2",
      "slot": null,
      "apk_version_modified": "0.0.127+92",
      "batch_number": "004",
      "data_collector_email": "aboubacar.douno@ehealthnigeria.org",
      "version_modified": "0.0.26",
      "_table": "batch",
      "role_uuid": "d6b81831-4bb2-4712-bcaa-e522c456a270",
      "quantity": "500.0",
      "expiry_date": "1598569200000",
      "latitude": "12.0198966",
      "_syncTime": "2020-08-21 13:25:12.983199+00:00",
      "manufacturer": "",
      "email": "aboubacar.douno@ehealthnigeria.org",
      "vvm_status": "stage1",
      "firebase_uuid": "rvbPS1AuhcVEG4eHlsJ4oxhzb063",
      "item_id": "131",
      "longitude": "8.5631605",
      "date": "1597878000000",
      "program": "Malaria",
      "initial_amount": "1000.0",
      "allocation_id": "168e11c1-b66e-450d-804a-941bb98c3291",
      "version_created": "0.0.26",
      "item_name": "Rotavirus",
      "_syncTimestamp": 1598016312983,
      "batch_id": "53cec027-3270-436e-ad4f-59a0b121a35f",
      "managed_uuid": "73b919f8-204e-42f7-a626-c6a05c453b6b"
    }
  ]
}