{
  "allocation" : "{\"name\":\"allocation\",\"type\":\"record\",\"@logiak\":{\"uuid\":\"03a7c9f6-1510-455e-9a51-41bd9acb9f3c\"},\"fields\":[{\"name\":\"allocation_id\",\"description\":\"allocation_id\",\"type\":[\"null\",\"string\"],\"@logiak\":{\"uuid\":\"29da07e5-6ae5-465b-83da-15f53c311068\",\"type\":\"text\",\"workflow\":\"false\",\"personal\":\"false\",\"unique\":\"false\",\"user-defined\":\"true\",\"tags\":\"hidden\"}},{\"name\":\"created\",\"description\":\"created\",\"type\":[\"null\",\"long\"],\"logicalType\":\"timestamp-millis\",\"@logiak\":{\"uuid\":\"e884b30b-0bad-4505-af2c-2010ce386d30\",\"type\":\"date\",\"workflow\":\"false\",\"personal\":\"false\",\"unique\":\"false\",\"user-defined\":\"false\",\"defaultvalue\":\"0\",\"tags\":\"\"}},{\"name\":\"customer_id\",\"description\":\"customer_id\",\"type\":[\"null\",\"string\"],\"@logiak\":{\"uuid\":\"b6987ed5-8e52-4f02-84b8-45c9390b4ada\",\"type\":\"text\",\"workflow\":\"false\",\"personal\":\"false\",\"unique\":\"false\",\"user-defined\":\"true\",\"tags\":\"hidden\"}},{\"name\":\"customer_name\",\"description\":\"customer\",\"type\":[\"null\",\"string\"],\"@logiak\":{\"uuid\":\"b5ae1efd-6169-4a2f-9871-042b5edff6db\",\"type\":\"text\",\"workflow\":\"false\",\"personal\":\"false\",\"unique\":\"false\",\"user-defined\":\"true\",\"tags\":\"\"}},{\"name\":\"data_collector_email\",\"description\":\"data_collector_email\",\"type\":[\"null\",\"string\"],\"@logiak\":{\"uuid\":\"00b40f16-62b8-4e47-ac0c-1354da41abf7\",\"type\":\"text\",\"workflow\":\"false\",\"personal\":\"false\",\"unique\":\"true\",\"user-defined\":\"true\",\"tags\":\"hidden\"}},{\"name\":\"email\",\"description\":\"email\",\"type\":[\"null\",\"string\"],\"@logiak\":{\"uuid\":\"5be4a9f4-4937-4c69-a8cb-acf3a972c8b1\",\"type\":\"text\",\"workflow\":\"false\",\"personal\":\"false\",\"unique\":\"false\",\"user-defined\":\"false\",\"tags\":\"\"}},{\"name\":\"firebase_uuid\",\"description\":\"firebase_uuid\",\"type\":[\"null\",\"string\"],\"@logiak\":{\"uuid\":\"f686c9bd-38d9-4138-ac8c-541c2fbd2d3c\",\"type\":\"text\",\"workflow\":\"false\",\"personal\":\"false\",\"unique\":\"false\",\"user-defined\":\"false\",\"tags\":\"\"}},{\"name\":\"group_uuid\",\"description\":\"group_uuid\",\"type\":[\"null\",\"string\"],\"@logiak\":{\"uuid\":\"93c633f2-0f94-468f-b7fa-24641afe0df5\",\"type\":\"text\",\"workflow\":\"false\",\"personal\":\"false\",\"unique\":\"false\",\"user-defined\":\"false\",\"tags\":\"\"}},{\"name\":\"item_id\",\"description\":\"item_id\",\"type\":[\"null\",\"string\"],\"@logiak\":{\"uuid\":\"fe979d3e-c2a7-4655-b126-4f055122d2d8\",\"type\":\"text\",\"workflow\":\"false\",\"personal\":\"false\",\"unique\":\"false\",\"user-defined\":\"true\",\"tags\":\"\"}},{\"name\":\"item_name\",\"description\":\"item\",\"type\":[\"null\",\"string\"],\"@logiak\":{\"uuid\":\"c6e19e50-df2b-4fa8-934b-024787491ef4\",\"type\":\"text\",\"workflow\":\"false\",\"personal\":\"false\",\"unique\":\"false\",\"user-defined\":\"true\",\"tags\":\"\"}},{\"name\":\"latitude\",\"description\":\"latitude\",\"type\":[\"null\",\"double\"],\"decimalplaces\":\"0\",\"@logiak\":{\"uuid\":\"2ae13896-f800-4dd0-bdbd-6122f8d4afa6\",\"type\":\"number\",\"workflow\":\"false\",\"personal\":\"false\",\"unique\":\"false\",\"user-defined\":\"false\",\"defaultvalue\":\"0.0\",\"tags\":\"\"}},{\"name\":\"longitude\",\"description\":\"longitude\",\"type\":[\"null\",\"double\"],\"decimalplaces\":\"0\",\"@logiak\":{\"uuid\":\"0753a963-ea12-43d8-9942-e84feadeb467\",\"type\":\"number\",\"workflow\":\"false\",\"personal\":\"false\",\"unique\":\"false\",\"user-defined\":\"false\",\"defaultvalue\":\"0.0\",\"tags\":\"\"}},{\"name\":\"managed_uuid\",\"description\":\"managed_uuid\",\"type\":[\"null\",\"string\"],\"@logiak\":{\"uuid\":\"88e161af-ad43-40cb-bdc3-3210a303e850\",\"type\":\"text\",\"workflow\":\"false\",\"personal\":\"false\",\"unique\":\"false\",\"user-defined\":\"false\",\"tags\":\"\"}},{\"name\":\"max\",\"description\":\"max\",\"type\":[\"null\",\"double\"],\"decimalplaces\":\"0\",\"@logiak\":{\"uuid\":\"2841b09e-09d4-4337-a6da-1a55d07df32c\",\"type\":\"number\",\"workflow\":\"false\",\"personal\":\"false\",\"unique\":\"false\",\"user-defined\":\"true\",\"defaultvalue\":\"0.0\",\"tags\":\"\"}},{\"name\":\"min\",\"description\":\"min\",\"type\":[\"null\",\"double\"],\"decimalplaces\":\"0\",\"@logiak\":{\"uuid\":\"4248e685-48bb-4c6d-876a-e6e192400b1b\",\"type\":\"number\",\"workflow\":\"false\",\"personal\":\"false\",\"unique\":\"false\",\"user-defined\":\"true\",\"lowerbound\":\"0\",\"defaultvalue\":\"0.0\",\"tags\":\"\"}},{\"name\":\"modified\",\"description\":\"modified\",\"type\":[\"null\",\"long\"],\"logicalType\":\"timestamp-millis\",\"@logiak\":{\"uuid\":\"8844392c-8c60-4edb-859f-b59923a6fba9\",\"type\":\"date\",\"workflow\":\"false\",\"personal\":\"false\",\"unique\":\"false\",\"user-defined\":\"false\",\"defaultvalue\":\"0\",\"tags\":\"\"}},{\"name\":\"program\",\"description\":\"program\",\"type\":[\"null\",\"string\"],\"@logiak\":{\"uuid\":\"baf69494-80bd-4b9f-a4ed-4e74b9f77aa9\",\"type\":\"text\",\"workflow\":\"false\",\"personal\":\"false\",\"unique\":\"false\",\"user-defined\":\"true\",\"tags\":\"\"}},{\"name\":\"role_uuid\",\"description\":\"role_uuid\",\"type\":[\"null\",\"string\"],\"@logiak\":{\"uuid\":\"160a0000-8633-4cfc-b95d-16bbb1585f01\",\"type\":\"text\",\"workflow\":\"false\",\"personal\":\"false\",\"unique\":\"false\",\"user-defined\":\"false\",\"tags\":\"\"}},{\"name\":\"stock_count\",\"description\":\"stock_count\",\"type\":[\"null\",\"double\"],\"decimalplaces\":\"0\",\"@logiak\":{\"uuid\":\"bb7913c6-e23b-416e-a3f5-438920236c4a\",\"type\":\"number\",\"workflow\":\"false\",\"personal\":\"false\",\"unique\":\"false\",\"user-defined\":\"true\",\"lowerbound\":\"0\",\"defaultvalue\":\"0\",\"tags\":\"\"}},{\"name\":\"uuid\",\"description\":\"uuid\",\"type\":[\"null\",\"string\"],\"@logiak\":{\"uuid\":\"8feab5c1-c23e-4a96-8ae5-5f41294b9b99\",\"type\":\"text\",\"workflow\":\"false\",\"personal\":\"false\",\"unique\":\"false\",\"user-defined\":\"false\",\"tags\":\"\"}},{\"name\":\"version_created\",\"description\":\"version_created\",\"type\":[\"null\",\"string\"],\"@logiak\":{\"uuid\":\"774184e6-3096-4e62-8bbd-41bc515f274b\",\"type\":\"text\",\"workflow\":\"false\",\"personal\":\"false\",\"unique\":\"false\",\"user-defined\":\"false\",\"tags\":\"\"}},{\"name\":\"version_modified\",\"description\":\"version_modified\",\"type\":[\"null\",\"string\"],\"@logiak\":{\"uuid\":\"f5a1d4c8-cb2f-43b7-ba82-e7a2230fcfa1\",\"type\":\"text\",\"workflow\":\"false\",\"personal\":\"false\",\"unique\":\"false\",\"user-defined\":\"false\",\"tags\":\"\"}}]}",
  "batch" : "{\"name\":\"batch\",\"type\":\"record\",\"@logiak\":{\"uuid\":\"c687ac36-be83-460d-be84-f1e8914dbcd8\"},\"fields\":[{\"name\":\"allocation_id\",\"description\":\"allocation_id\",\"type\":[\"null\",\"string\"],\"@logiak\":{\"uuid\":\"af5a28ca-4503-4d86-a183-36e5eab75fe1\",\"type\":\"text\",\"workflow\":\"false\",\"personal\":\"false\",\"unique\":\"false\",\"user-defined\":\"true\",\"tags\":\"\"}},{\"name\":\"batch_id\",\"description\":\"batch_id\",\"type\":[\"null\",\"string\"],\"@logiak\":{\"uuid\":\"3c34060c-8cb7-4b84-a767-e16e37b2ec39\",\"type\":\"text\",\"workflow\":\"false\",\"personal\":\"false\",\"unique\":\"false\",\"user-defined\":\"true\",\"tags\":\"\"}},{\"name\":\"batch_number\",\"description\":\"Batch number\",\"type\":[\"null\",\"string\"],\"@logiak\":{\"uuid\":\"9d6a84f4-a209-401a-ba48-117e089365c2\",\"type\":\"text\",\"workflow\":\"false\",\"personal\":\"false\",\"unique\":\"true\",\"user-defined\":\"true\",\"tags\":\"\"}},{\"name\":\"created\",\"description\":\"created\",\"type\":[\"null\",\"long\"],\"logicalType\":\"timestamp-millis\",\"@logiak\":{\"uuid\":\"e884b30b-0bad-4505-af2c-2010ce386d30\",\"type\":\"date\",\"workflow\":\"false\",\"personal\":\"false\",\"unique\":\"false\",\"user-defined\":\"false\",\"defaultvalue\":\"0\",\"tags\":\"\"}},{\"name\":\"data_collector_email\",\"description\":\"data_collector_email\",\"type\":[\"null\",\"string\"],\"@logiak\":{\"uuid\":\"3a9d5db7-d07c-46a8-96e1-406e13924d33\",\"type\":\"text\",\"workflow\":\"false\",\"personal\":\"false\",\"unique\":\"false\",\"user-defined\":\"true\",\"tags\":\"\"}},{\"name\":\"date\",\"description\":\"Date reported\",\"type\":[\"null\",\"long\"],\"logicalType\":\"timestamp-millis\",\"@logiak\":{\"uuid\":\"dd1bb13c-98c7-44bc-87bf-b9402c3ef030\",\"type\":\"date\",\"workflow\":\"false\",\"personal\":\"false\",\"unique\":\"false\",\"user-defined\":\"true\",\"lowerbound\":\"SP;6;86400000;-;?now?\",\"upperbound\":\"?now?\",\"defaultvalue\":\"datetime(\\u0027now\\u0027)\",\"tags\":\"\"}},{\"name\":\"email\",\"description\":\"email\",\"type\":[\"null\",\"string\"],\"@logiak\":{\"uuid\":\"5be4a9f4-4937-4c69-a8cb-acf3a972c8b1\",\"type\":\"text\",\"workflow\":\"false\",\"personal\":\"false\",\"unique\":\"false\",\"user-defined\":\"false\",\"tags\":\"\"}},{\"name\":\"expiry_date\",\"description\":\"Expiry date\",\"type\":[\"null\",\"long\"],\"logicalType\":\"timestamp-millis\",\"@logiak\":{\"uuid\":\"99096468-08ad-4301-b6e0-d07fc0c2bd8b\",\"type\":\"date\",\"workflow\":\"false\",\"personal\":\"false\",\"unique\":\"false\",\"user-defined\":\"true\",\"defaultvalue\":\"0\",\"tags\":\"\"}},{\"name\":\"firebase_uuid\",\"description\":\"firebase_uuid\",\"type\":[\"null\",\"string\"],\"@logiak\":{\"uuid\":\"f686c9bd-38d9-4138-ac8c-541c2fbd2d3c\",\"type\":\"text\",\"workflow\":\"false\",\"personal\":\"false\",\"unique\":\"false\",\"user-defined\":\"false\",\"tags\":\"\"}},{\"name\":\"group_uuid\",\"description\":\"group_uuid\",\"type\":[\"null\",\"string\"],\"@logiak\":{\"uuid\":\"93c633f2-0f94-468f-b7fa-24641afe0df5\",\"type\":\"text\",\"workflow\":\"false\",\"personal\":\"false\",\"unique\":\"false\",\"user-defined\":\"false\",\"tags\":\"\"}},{\"name\":\"initial_amount\",\"description\":\"initial_amount\",\"type\":[\"null\",\"double\"],\"decimalplaces\":\"0\",\"@logiak\":{\"uuid\":\"e8b79670-5c64-40d7-a86d-4345a5d657fa\",\"type\":\"number\",\"workflow\":\"false\",\"personal\":\"false\",\"unique\":\"false\",\"user-defined\":\"true\",\"defaultvalue\":\"0.0\",\"tags\":\"\"}},{\"name\":\"item_id\",\"description\":\"item_id\",\"type\":[\"null\",\"string\"],\"@logiak\":{\"uuid\":\"fcf64d81-1f94-4d9d-8f39-a7b8171fb743\",\"type\":\"text\",\"workflow\":\"false\",\"personal\":\"false\",\"unique\":\"false\",\"user-defined\":\"true\",\"tags\":\"\"}},{\"name\":\"item_name\",\"description\":\"Item\",\"type\":[\"null\",\"string\"],\"@logiak\":{\"uuid\":\"99dd9db2-d8b1-4af9-aab4-95f9c107ae1e\",\"type\":\"text\",\"workflow\":\"false\",\"personal\":\"false\",\"unique\":\"false\",\"user-defined\":\"true\",\"tags\":\"\"}},{\"name\":\"latitude\",\"description\":\"latitude\",\"type\":[\"null\",\"double\"],\"decimalplaces\":\"0\",\"@logiak\":{\"uuid\":\"2ae13896-f800-4dd0-bdbd-6122f8d4afa6\",\"type\":\"number\",\"workflow\":\"false\",\"personal\":\"false\",\"unique\":\"false\",\"user-defined\":\"false\",\"defaultvalue\":\"0.0\",\"tags\":\"\"}},{\"name\":\"longitude\",\"description\":\"longitude\",\"type\":[\"null\",\"double\"],\"decimalplaces\":\"0\",\"@logiak\":{\"uuid\":\"0753a963-ea12-43d8-9942-e84feadeb467\",\"type\":\"number\",\"workflow\":\"false\",\"personal\":\"false\",\"unique\":\"false\",\"user-defined\":\"false\",\"defaultvalue\":\"0.0\",\"tags\":\"\"}},{\"name\":\"managed_uuid\",\"description\":\"managed_uuid\",\"type\":[\"null\",\"string\"],\"@logiak\":{\"uuid\":\"88e161af-ad43-40cb-bdc3-3210a303e850\",\"type\":\"text\",\"workflow\":\"false\",\"personal\":\"false\",\"unique\":\"false\",\"user-defined\":\"false\",\"tags\":\"\"}},{\"name\":\"manufacturer\",\"description\":\"Manufacturer\",\"type\":[\"null\",\"string\"],\"@logiak\":{\"uuid\":\"23f82e04-19ca-4341-b805-447238375eb2\",\"type\":\"text\",\"workflow\":\"false\",\"personal\":\"false\",\"unique\":\"false\",\"user-defined\":\"true\",\"tags\":\"\"}},{\"name\":\"modified\",\"description\":\"modified\",\"type\":[\"null\",\"long\"],\"logicalType\":\"timestamp-millis\",\"@logiak\":{\"uuid\":\"8844392c-8c60-4edb-859f-b59923a6fba9\",\"type\":\"date\",\"workflow\":\"false\",\"personal\":\"false\",\"unique\":\"false\",\"user-defined\":\"false\",\"defaultvalue\":\"0\",\"tags\":\"\"}},{\"name\":\"program\",\"description\":\"Program\",\"type\":[\"null\",\"string\"],\"@logiak\":{\"uuid\":\"8eb25db8-6acd-47f2-b3ea-b729f4b89d70\",\"type\":\"text\",\"workflow\":\"false\",\"personal\":\"false\",\"unique\":\"false\",\"user-defined\":\"true\",\"tags\":\"\"}},{\"name\":\"quantity\",\"description\":\"Quantity\",\"type\":[\"null\",\"double\"],\"decimalplaces\":\"0\",\"@logiak\":{\"uuid\":\"42ae2852-6cab-40fa-aaaf-eb43152b4fd5\",\"type\":\"number\",\"workflow\":\"false\",\"personal\":\"false\",\"unique\":\"false\",\"user-defined\":\"true\",\"defaultvalue\":\"0.0\",\"tags\":\"\"}},{\"name\":\"role_uuid\",\"description\":\"role_uuid\",\"type\":[\"null\",\"string\"],\"@logiak\":{\"uuid\":\"160a0000-8633-4cfc-b95d-16bbb1585f01\",\"type\":\"text\",\"workflow\":\"false\",\"personal\":\"false\",\"unique\":\"false\",\"user-defined\":\"false\",\"tags\":\"\"}},{\"name\":\"uuid\",\"description\":\"uuid\",\"type\":[\"null\",\"string\"],\"@logiak\":{\"uuid\":\"8feab5c1-c23e-4a96-8ae5-5f41294b9b99\",\"type\":\"text\",\"workflow\":\"false\",\"personal\":\"false\",\"unique\":\"false\",\"user-defined\":\"false\",\"tags\":\"\"}},{\"name\":\"version_created\",\"description\":\"version_created\",\"type\":[\"null\",\"string\"],\"@logiak\":{\"uuid\":\"774184e6-3096-4e62-8bbd-41bc515f274b\",\"type\":\"text\",\"workflow\":\"false\",\"personal\":\"false\",\"unique\":\"false\",\"user-defined\":\"false\",\"tags\":\"\"}},{\"name\":\"version_modified\",\"description\":\"version_modified\",\"type\":[\"null\",\"string\"],\"@logiak\":{\"uuid\":\"f5a1d4c8-cb2f-43b7-ba82-e7a2230fcfa1\",\"type\":\"text\",\"workflow\":\"false\",\"personal\":\"false\",\"unique\":\"false\",\"user-defined\":\"false\",\"tags\":\"\"}},{\"name\":\"vvm_status\",\"description\":\"VVM Status\",\"type\":[\"null\",\"string\"],\"@logiak\":{\"uuid\":\"da7925ab-3bde-45ef-804b-827c9520eaa8\",\"type\":\"text\",\"workflow\":\"false\",\"personal\":\"false\",\"unique\":\"false\",\"user-defined\":\"true\",\"tags\":\"\"}}]}",
  "breakdown_reason" : "{\"name\":\"breakdown_reason\",\"type\":\"record\",\"@logiak\":{\"uuid\":\"f7d13a7d-a646-45a5-942f-3b7a28622178\"},\"fields\":[{\"name\":\"breakdown_reason_id\",\"description\":\"breakdown_reason_id\",\"type\":[\"null\",\"string\"],\"@logiak\":{\"uuid\":\"0ddd26ea-88ba-4cb8-b032-cd4cc0f5a849\",\"type\":\"text\",\"workflow\":\"false\",\"personal\":\"false\",\"unique\":\"true\",\"user-defined\":\"true\",\"tags\":\"\"}},{\"name\":\"created\",\"description\":\"created\",\"type\":[\"null\",\"long\"],\"logicalType\":\"timestamp-millis\",\"@logiak\":{\"uuid\":\"e884b30b-0bad-4505-af2c-2010ce386d30\",\"type\":\"date\",\"workflow\":\"false\",\"personal\":\"false\",\"unique\":\"false\",\"user-defined\":\"false\",\"defaultvalue\":\"0\",\"tags\":\"\"}},{\"name\":\"email\",\"description\":\"email\",\"type\":[\"null\",\"string\"],\"@logiak\":{\"uuid\":\"5be4a9f4-4937-4c69-a8cb-acf3a972c8b1\",\"type\":\"text\",\"workflow\":\"false\",\"personal\":\"false\",\"unique\":\"false\",\"user-defined\":\"false\",\"tags\":\"\"}},{\"name\":\"firebase_uuid\",\"description\":\"firebase_uuid\",\"type\":[\"null\",\"string\"],\"@logiak\":{\"uuid\":\"f686c9bd-38d9-4138-ac8c-541c2fbd2d3c\",\"type\":\"text\",\"workflow\":\"false\",\"personal\":\"false\",\"unique\":\"false\",\"user-defined\":\"false\",\"tags\":\"\"}},{\"name\":\"group_uuid\",\"description\":\"group_uuid\",\"type\":[\"null\",\"string\"],\"@logiak\":{\"uuid\":\"93c633f2-0f94-468f-b7fa-24641afe0df5\",\"type\":\"text\",\"workflow\":\"false\",\"personal\":\"false\",\"unique\":\"false\",\"user-defined\":\"false\",\"tags\":\"\"}},{\"name\":\"latitude\",\"description\":\"latitude\",\"type\":[\"null\",\"double\"],\"decimalplaces\":\"0\",\"@logiak\":{\"uuid\":\"2ae13896-f800-4dd0-bdbd-6122f8d4afa6\",\"type\":\"number\",\"workflow\":\"false\",\"personal\":\"false\",\"unique\":\"false\",\"user-defined\":\"false\",\"defaultvalue\":\"0.0\",\"tags\":\"\"}},{\"name\":\"longitude\",\"description\":\"longitude\",\"type\":[\"null\",\"double\"],\"decimalplaces\":\"0\",\"@logiak\":{\"uuid\":\"0753a963-ea12-43d8-9942-e84feadeb467\",\"type\":\"number\",\"workflow\":\"false\",\"personal\":\"false\",\"unique\":\"false\",\"user-defined\":\"false\",\"defaultvalue\":\"0.0\",\"tags\":\"\"}},{\"name\":\"managed_uuid\",\"description\":\"managed_uuid\",\"type\":[\"null\",\"string\"],\"@logiak\":{\"uuid\":\"88e161af-ad43-40cb-bdc3-3210a303e850\",\"type\":\"text\",\"workflow\":\"false\",\"personal\":\"false\",\"unique\":\"false\",\"user-defined\":\"false\",\"tags\":\"\"}},{\"name\":\"modified\",\"description\":\"modified\",\"type\":[\"null\",\"long\"],\"logicalType\":\"timestamp-millis\",\"@logiak\":{\"uuid\":\"8844392c-8c60-4edb-859f-b59923a6fba9\",\"type\":\"date\",\"workflow\":\"false\",\"personal\":\"false\",\"unique\":\"false\",\"user-defined\":\"false\",\"defaultvalue\":\"0\",\"tags\":\"\"}},{\"name\":\"reason\",\"description\":\"reason\",\"type\":[\"null\",\"string\"],\"@logiak\":{\"uuid\":\"072121d6-6e2d-4dd2-a331-5bf560b4cdad\",\"type\":\"text\",\"workflow\":\"false\",\"personal\":\"false\",\"unique\":\"false\",\"user-defined\":\"true\",\"tags\":\"\"}},{\"name\":\"role_uuid\",\"description\":\"role_uuid\",\"type\":[\"null\",\"string\"],\"@logiak\":{\"uuid\":\"160a0000-8633-4cfc-b95d-16bbb1585f01\",\"type\":\"text\",\"workflow\":\"false\",\"personal\":\"false\",\"unique\":\"false\",\"user-defined\":\"false\",\"tags\":\"\"}},{\"name\":\"uuid\",\"description\":\"uuid\",\"type\":[\"null\",\"string\"],\"@logiak\":{\"uuid\":\"8feab5c1-c23e-4a96-8ae5-5f41294b9b99\",\"type\":\"text\",\"workflow\":\"false\",\"personal\":\"false\",\"unique\":\"false\",\"user-defined\":\"false\",\"tags\":\"\"}},{\"name\":\"version_created\",\"description\":\"version_created\",\"type\":[\"null\",\"string\"],\"@logiak\":{\"uuid\":\"774184e6-3096-4e62-8bbd-41bc515f274b\",\"type\":\"text\",\"workflow\":\"false\",\"personal\":\"false\",\"unique\":\"false\",\"user-defined\":\"false\",\"tags\":\"\"}},{\"name\":\"version_modified\",\"description\":\"version_modified\",\"type\":[\"null\",\"string\"],\"@logiak\":{\"uuid\":\"f5a1d4c8-cb2f-43b7-ba82-e7a2230fcfa1\",\"type\":\"text\",\"workflow\":\"false\",\"personal\":\"false\",\"unique\":\"false\",\"user-defined\":\"false\",\"tags\":\"\"}}]}",
  "customer" : "{\"name\":\"customer\",\"type\":\"record\",\"@logiak\":{\"uuid\":\"14786bd0-7c9c-40e1-a3b4-5913cc4273b5\"},\"fields\":[{\"name\":\"contact_email\",\"description\":\"contact_email\",\"type\":[\"null\",\"string\"],\"@logiak\":{\"uuid\":\"2d183265-8d42-41a1-b5d1-5edd32143f22\",\"type\":\"text\",\"workflow\":\"false\",\"personal\":\"false\",\"unique\":\"false\",\"user-defined\":\"true\",\"tags\":\"\"}},{\"name\":\"contact_firstname\",\"description\":\"contact_firstname\",\"type\":[\"null\",\"string\"],\"@logiak\":{\"uuid\":\"6f67cde1-7bd7-46f6-b2cb-4db40f7ee8f0\",\"type\":\"text\",\"workflow\":\"false\",\"personal\":\"false\",\"unique\":\"false\",\"user-defined\":\"true\",\"tags\":\"\"}},{\"name\":\"contact_lastname\",\"description\":\"contact_lastname\",\"type\":[\"null\",\"string\"],\"@logiak\":{\"uuid\":\"4eaeeebd-7ccc-4862-bf94-07c403cda165\",\"type\":\"text\",\"workflow\":\"false\",\"personal\":\"false\",\"unique\":\"false\",\"user-defined\":\"true\",\"tags\":\"\"}},{\"name\":\"contact_phone\",\"description\":\"contact_phone\",\"type\":[\"null\",\"string\"],\"@logiak\":{\"uuid\":\"98a872c1-b919-496a-8ef9-28a8c97eb3cf\",\"type\":\"text\",\"workflow\":\"false\",\"personal\":\"false\",\"unique\":\"false\",\"user-defined\":\"true\",\"tags\":\"\"}},{\"name\":\"created\",\"description\":\"created\",\"type\":[\"null\",\"long\"],\"logicalType\":\"timestamp-millis\",\"@logiak\":{\"uuid\":\"e884b30b-0bad-4505-af2c-2010ce386d30\",\"type\":\"date\",\"workflow\":\"false\",\"personal\":\"false\",\"unique\":\"false\",\"user-defined\":\"false\",\"defaultvalue\":\"0\",\"tags\":\"\"}},{\"name\":\"customer_id\",\"description\":\"customer_id\",\"type\":[\"null\",\"string\"],\"@logiak\":{\"uuid\":\"2aead67c-c61a-495e-8859-0670ea40a2b5\",\"type\":\"text\",\"workflow\":\"false\",\"personal\":\"false\",\"unique\":\"true\",\"user-defined\":\"true\",\"tags\":\"\"}},{\"name\":\"customer_type\",\"description\":\"customer_type\",\"type\":[\"null\",\"string\"],\"@logiak\":{\"uuid\":\"1c81046e-597e-4d13-8816-61a6fc05ac0c\",\"type\":\"text\",\"workflow\":\"false\",\"personal\":\"false\",\"unique\":\"false\",\"user-defined\":\"true\",\"tags\":\"\"}},{\"name\":\"email\",\"description\":\"email\",\"type\":[\"null\",\"string\"],\"@logiak\":{\"uuid\":\"5be4a9f4-4937-4c69-a8cb-acf3a972c8b1\",\"type\":\"text\",\"workflow\":\"false\",\"personal\":\"false\",\"unique\":\"false\",\"user-defined\":\"false\",\"tags\":\"\"}},{\"name\":\"facility_type\",\"description\":\"facility_type\",\"type\":[\"null\",\"string\"],\"@logiak\":{\"uuid\":\"e755bca1-8de4-4dd3-ba8a-9ac93171917c\",\"type\":\"text\",\"workflow\":\"false\",\"personal\":\"false\",\"unique\":\"false\",\"user-defined\":\"true\",\"tags\":\"\"}},{\"name\":\"firebase_uuid\",\"description\":\"firebase_uuid\",\"type\":[\"null\",\"string\"],\"@logiak\":{\"uuid\":\"f686c9bd-38d9-4138-ac8c-541c2fbd2d3c\",\"type\":\"text\",\"workflow\":\"false\",\"personal\":\"false\",\"unique\":\"false\",\"user-defined\":\"false\",\"tags\":\"\"}},{\"name\":\"group_uuid\",\"description\":\"group_uuid\",\"type\":[\"null\",\"string\"],\"@logiak\":{\"uuid\":\"93c633f2-0f94-468f-b7fa-24641afe0df5\",\"type\":\"text\",\"workflow\":\"false\",\"personal\":\"false\",\"unique\":\"false\",\"user-defined\":\"false\",\"tags\":\"\"}},{\"name\":\"is_active\",\"description\":\"is_active\",\"type\":[\"null\",\"boolean\"],\"@logiak\":{\"uuid\":\"6289f467-3d2f-4bd1-80e1-f2d7454b3f67\",\"type\":\"boolean\",\"workflow\":\"false\",\"personal\":\"false\",\"unique\":\"false\",\"user-defined\":\"true\",\"defaultvalue\":\"false\",\"tags\":\"\"}},{\"name\":\"latitude\",\"description\":\"latitude\",\"type\":[\"null\",\"double\"],\"decimalplaces\":\"0\",\"@logiak\":{\"uuid\":\"2ae13896-f800-4dd0-bdbd-6122f8d4afa6\",\"type\":\"number\",\"workflow\":\"false\",\"personal\":\"false\",\"unique\":\"false\",\"user-defined\":\"false\",\"defaultvalue\":\"0.0\",\"tags\":\"\"}},{\"name\":\"location_address\",\"description\":\"location_address\",\"type\":[\"null\",\"string\"],\"@logiak\":{\"uuid\":\"89a4f454-6b92-4183-ae9f-ba8f6d854cd5\",\"type\":\"text\",\"workflow\":\"false\",\"personal\":\"false\",\"unique\":\"false\",\"user-defined\":\"true\",\"tags\":\"\"}},{\"name\":\"location_latitude\",\"description\":\"location_latitude\",\"type\":[\"null\",\"string\"],\"@logiak\":{\"uuid\":\"67f3b01d-0aae-4a07-bec0-64c1049e29df\",\"type\":\"text\",\"workflow\":\"false\",\"personal\":\"false\",\"unique\":\"false\",\"user-defined\":\"true\",\"tags\":\"\"}},{\"name\":\"location_lga\",\"description\":\"LGA\",\"type\":[\"null\",\"string\"],\"@logiak\":{\"uuid\":\"86073f36-bd2b-42dc-b792-21d25be8cdcb\",\"type\":\"text\",\"workflow\":\"false\",\"personal\":\"false\",\"unique\":\"false\",\"user-defined\":\"true\",\"tags\":\"\"}},{\"name\":\"location_longitude\",\"description\":\"location_longitude\",\"type\":[\"null\",\"string\"],\"@logiak\":{\"uuid\":\"65d1e949-c8bb-458a-8700-856380c75c6e\",\"type\":\"text\",\"workflow\":\"false\",\"personal\":\"false\",\"unique\":\"false\",\"user-defined\":\"true\",\"tags\":\"\"}},{\"name\":\"location_state\",\"description\":\"location_state\",\"type\":[\"null\",\"string\"],\"@logiak\":{\"uuid\":\"0387db44-4558-42c5-aa1f-dd519fd3cddb\",\"type\":\"text\",\"workflow\":\"false\",\"personal\":\"false\",\"unique\":\"false\",\"user-defined\":\"true\",\"tags\":\"\"}},{\"name\":\"location_ward\",\"description\":\"Ward\",\"type\":[\"null\",\"string\"],\"@logiak\":{\"uuid\":\"cf0aeff3-81ac-490a-9304-1589e65abb33\",\"type\":\"text\",\"workflow\":\"false\",\"personal\":\"false\",\"unique\":\"false\",\"user-defined\":\"true\",\"tags\":\"\"}},{\"name\":\"longitude\",\"description\":\"longitude\",\"type\":[\"null\",\"double\"],\"decimalplaces\":\"0\",\"@logiak\":{\"uuid\":\"0753a963-ea12-43d8-9942-e84feadeb467\",\"type\":\"number\",\"workflow\":\"false\",\"personal\":\"false\",\"unique\":\"false\",\"user-defined\":\"false\",\"defaultvalue\":\"0.0\",\"tags\":\"\"}},{\"name\":\"managed_uuid\",\"description\":\"managed_uuid\",\"type\":[\"null\",\"string\"],\"@logiak\":{\"uuid\":\"88e161af-ad43-40cb-bdc3-3210a303e850\",\"type\":\"text\",\"workflow\":\"false\",\"personal\":\"false\",\"unique\":\"false\",\"user-defined\":\"false\",\"tags\":\"\"}},{\"name\":\"modified\",\"description\":\"modified\",\"type\":[\"null\",\"long\"],\"logicalType\":\"timestamp-millis\",\"@logiak\":{\"uuid\":\"8844392c-8c60-4edb-859f-b59923a6fba9\",\"type\":\"date\",\"workflow\":\"false\",\"personal\":\"false\",\"unique\":\"false\",\"user-defined\":\"false\",\"defaultvalue\":\"0\",\"tags\":\"\"}},{\"name\":\"name\",\"description\":\"Name\",\"type\":[\"null\",\"string\"],\"@logiak\":{\"uuid\":\"0d87818d-54a7-44ff-8ff4-fb1f181ad2af\",\"type\":\"text\",\"workflow\":\"false\",\"personal\":\"false\",\"unique\":\"false\",\"user-defined\":\"true\",\"tags\":\"\"}},{\"name\":\"role_uuid\",\"description\":\"role_uuid\",\"type\":[\"null\",\"string\"],\"@logiak\":{\"uuid\":\"160a0000-8633-4cfc-b95d-16bbb1585f01\",\"type\":\"text\",\"workflow\":\"false\",\"personal\":\"false\",\"unique\":\"false\",\"user-defined\":\"false\",\"tags\":\"\"}},{\"name\":\"uuid\",\"description\":\"uuid\",\"type\":[\"null\",\"string\"],\"@logiak\":{\"uuid\":\"8feab5c1-c23e-4a96-8ae5-5f41294b9b99\",\"type\":\"text\",\"workflow\":\"false\",\"personal\":\"false\",\"unique\":\"false\",\"user-defined\":\"false\",\"tags\":\"\"}},{\"name\":\"version_created\",\"description\":\"version_created\",\"type\":[\"null\",\"string\"],\"@logiak\":{\"uuid\":\"774184e6-3096-4e62-8bbd-41bc515f274b\",\"type\":\"text\",\"workflow\":\"false\",\"personal\":\"false\",\"unique\":\"false\",\"user-defined\":\"false\",\"tags\":\"\"}},{\"name\":\"version_modified\",\"description\":\"version_modified\",\"type\":[\"null\",\"string\"],\"@logiak\":{\"uuid\":\"f5a1d4c8-cb2f-43b7-ba82-e7a2230fcfa1\",\"type\":\"text\",\"workflow\":\"false\",\"personal\":\"false\",\"unique\":\"false\",\"user-defined\":\"false\",\"tags\":\"\"}}]}",
  "customer_equipment" : "{\"name\":\"customer_equipment\",\"type\":\"record\",\"@logiak\":{\"uuid\":\"90df48c8-be88-4bc5-9ce3-9f34591738c2\"},\"fields\":[{\"name\":\"created\",\"description\":\"created\",\"type\":[\"null\",\"long\"],\"logicalType\":\"timestamp-millis\",\"@logiak\":{\"uuid\":\"e884b30b-0bad-4505-af2c-2010ce386d30\",\"type\":\"date\",\"workflow\":\"false\",\"personal\":\"false\",\"unique\":\"false\",\"user-defined\":\"false\",\"defaultvalue\":\"0\",\"tags\":\"\"}},{\"name\":\"customer_equipment_id\",\"description\":\"customer_equipment_id\",\"type\":[\"null\",\"string\"],\"@logiak\":{\"uuid\":\"6a220ac4-e1e2-48fb-b883-77dcdf30f70e\",\"type\":\"text\",\"workflow\":\"false\",\"personal\":\"false\",\"unique\":\"false\",\"user-defined\":\"true\",\"tags\":\"\"}},{\"name\":\"customer_id\",\"description\":\"customer_id\",\"type\":[\"null\",\"string\"],\"@logiak\":{\"uuid\":\"40ca94cd-7daf-42fd-bf0e-da68edb5906f\",\"type\":\"text\",\"workflow\":\"false\",\"personal\":\"false\",\"unique\":\"false\",\"user-defined\":\"true\",\"tags\":\"\"}},{\"name\":\"customer_name\",\"description\":\"customer\",\"type\":[\"null\",\"string\"],\"@logiak\":{\"uuid\":\"aafc01d4-c312-4452-9194-c0bbea0ab679\",\"type\":\"text\",\"workflow\":\"false\",\"personal\":\"false\",\"unique\":\"false\",\"user-defined\":\"true\",\"tags\":\"\"}},{\"name\":\"data_collector_email\",\"description\":\"data_collector_email\",\"type\":[\"null\",\"string\"],\"@logiak\":{\"uuid\":\"a69a2e1a-42a4-49d0-8c5e-fca9cf9d5474\",\"type\":\"text\",\"workflow\":\"false\",\"personal\":\"false\",\"unique\":\"true\",\"user-defined\":\"true\",\"tags\":\"\"}},{\"name\":\"email\",\"description\":\"email\",\"type\":[\"null\",\"string\"],\"@logiak\":{\"uuid\":\"5be4a9f4-4937-4c69-a8cb-acf3a972c8b1\",\"type\":\"text\",\"workflow\":\"false\",\"personal\":\"false\",\"unique\":\"false\",\"user-defined\":\"false\",\"tags\":\"\"}},{\"name\":\"equipment_id\",\"description\":\"equipment_id\",\"type\":[\"null\",\"string\"],\"@logiak\":{\"uuid\":\"d85d912d-df7c-4f40-873c-33565660bab8\",\"type\":\"text\",\"workflow\":\"false\",\"personal\":\"false\",\"unique\":\"false\",\"user-defined\":\"true\",\"tags\":\"\"}},{\"name\":\"equipment_name\",\"description\":\"equipment\",\"type\":[\"null\",\"string\"],\"@logiak\":{\"uuid\":\"9f07e9a5-0d2e-410a-a481-e8fb5f021114\",\"type\":\"text\",\"workflow\":\"false\",\"personal\":\"false\",\"unique\":\"false\",\"user-defined\":\"true\",\"tags\":\"\"}},{\"name\":\"firebase_uuid\",\"description\":\"firebase_uuid\",\"type\":[\"null\",\"string\"],\"@logiak\":{\"uuid\":\"f686c9bd-38d9-4138-ac8c-541c2fbd2d3c\",\"type\":\"text\",\"workflow\":\"false\",\"personal\":\"false\",\"unique\":\"false\",\"user-defined\":\"false\",\"tags\":\"\"}},{\"name\":\"group_uuid\",\"description\":\"group_uuid\",\"type\":[\"null\",\"string\"],\"@logiak\":{\"uuid\":\"93c633f2-0f94-468f-b7fa-24641afe0df5\",\"type\":\"text\",\"workflow\":\"false\",\"personal\":\"false\",\"unique\":\"false\",\"user-defined\":\"false\",\"tags\":\"\"}},{\"name\":\"latitude\",\"description\":\"latitude\",\"type\":[\"null\",\"double\"],\"decimalplaces\":\"0\",\"@logiak\":{\"uuid\":\"2ae13896-f800-4dd0-bdbd-6122f8d4afa6\",\"type\":\"number\",\"workflow\":\"false\",\"personal\":\"false\",\"unique\":\"false\",\"user-defined\":\"false\",\"defaultvalue\":\"0.0\",\"tags\":\"\"}},{\"name\":\"longitude\",\"description\":\"longitude\",\"type\":[\"null\",\"double\"],\"decimalplaces\":\"0\",\"@logiak\":{\"uuid\":\"0753a963-ea12-43d8-9942-e84feadeb467\",\"type\":\"number\",\"workflow\":\"false\",\"personal\":\"false\",\"unique\":\"false\",\"user-defined\":\"false\",\"defaultvalue\":\"0.0\",\"tags\":\"\"}},{\"name\":\"managed_uuid\",\"description\":\"managed_uuid\",\"type\":[\"null\",\"string\"],\"@logiak\":{\"uuid\":\"88e161af-ad43-40cb-bdc3-3210a303e850\",\"type\":\"text\",\"workflow\":\"false\",\"personal\":\"false\",\"unique\":\"false\",\"user-defined\":\"false\",\"tags\":\"\"}},{\"name\":\"modified\",\"description\":\"modified\",\"type\":[\"null\",\"long\"],\"logicalType\":\"timestamp-millis\",\"@logiak\":{\"uuid\":\"8844392c-8c60-4edb-859f-b59923a6fba9\",\"type\":\"date\",\"workflow\":\"false\",\"personal\":\"false\",\"unique\":\"false\",\"user-defined\":\"false\",\"defaultvalue\":\"0\",\"tags\":\"\"}},{\"name\":\"role_uuid\",\"description\":\"role_uuid\",\"type\":[\"null\",\"string\"],\"@logiak\":{\"uuid\":\"160a0000-8633-4cfc-b95d-16bbb1585f01\",\"type\":\"text\",\"workflow\":\"false\",\"personal\":\"false\",\"unique\":\"false\",\"user-defined\":\"false\",\"tags\":\"\"}},{\"name\":\"serial_number\",\"description\":\"Serial Number\",\"type\":[\"null\",\"string\"],\"@logiak\":{\"uuid\":\"878a79a9-9404-46db-8ee8-ee290961dbf8\",\"type\":\"text\",\"workflow\":\"false\",\"personal\":\"false\",\"unique\":\"true\",\"user-defined\":\"true\",\"tags\":\"\"}},{\"name\":\"uuid\",\"description\":\"uuid\",\"type\":[\"null\",\"string\"],\"@logiak\":{\"uuid\":\"8feab5c1-c23e-4a96-8ae5-5f41294b9b99\",\"type\":\"text\",\"workflow\":\"false\",\"personal\":\"false\",\"unique\":\"false\",\"user-defined\":\"false\",\"tags\":\"\"}},{\"name\":\"version_created\",\"description\":\"version_created\",\"type\":[\"null\",\"string\"],\"@logiak\":{\"uuid\":\"774184e6-3096-4e62-8bbd-41bc515f274b\",\"type\":\"text\",\"workflow\":\"false\",\"personal\":\"false\",\"unique\":\"false\",\"user-defined\":\"false\",\"tags\":\"\"}},{\"name\":\"version_modified\",\"description\":\"version_modified\",\"type\":[\"null\",\"string\"],\"@logiak\":{\"uuid\":\"f5a1d4c8-cb2f-43b7-ba82-e7a2230fcfa1\",\"type\":\"text\",\"workflow\":\"false\",\"personal\":\"false\",\"unique\":\"false\",\"user-defined\":\"false\",\"tags\":\"\"}}]}",
  "data_collector" : "{\"name\":\"data_collector\",\"type\":\"record\",\"@logiak\":{\"uuid\":\"ce7bf05c-030e-4b4b-b6ea-a152bbaac846\"},\"fields\":[{\"name\":\"created\",\"description\":\"created\",\"type\":[\"null\",\"long\"],\"logicalType\":\"timestamp-millis\",\"@logiak\":{\"uuid\":\"e884b30b-0bad-4505-af2c-2010ce386d30\",\"type\":\"date\",\"workflow\":\"false\",\"personal\":\"false\",\"unique\":\"false\",\"user-defined\":\"false\",\"defaultvalue\":\"0\",\"tags\":\"\"}},{\"name\":\"data_collector_customer\",\"description\":\"data_collector_customer\",\"type\":[\"null\",\"string\"],\"@logiak\":{\"uuid\":\"8a469ec8-4cab-44b3-9d90-5a027c06c6f2\",\"type\":\"text\",\"workflow\":\"false\",\"personal\":\"false\",\"unique\":\"false\",\"user-defined\":\"true\",\"tags\":\"\"}},{\"name\":\"data_collector_customer_id\",\"description\":\"customer_id\",\"type\":[\"null\",\"string\"],\"@logiak\":{\"uuid\":\"16c8c9bf-8db5-4c6f-b843-60dbf6685013\",\"type\":\"text\",\"workflow\":\"false\",\"personal\":\"false\",\"unique\":\"false\",\"user-defined\":\"true\",\"tags\":\"\"}},{\"name\":\"data_collector_email\",\"description\":\"data_collector_email\",\"type\":[\"null\",\"string\"],\"@logiak\":{\"uuid\":\"1790a51c-80ab-47dd-b037-8c23f16f7d55\",\"type\":\"text\",\"workflow\":\"false\",\"personal\":\"false\",\"unique\":\"true\",\"user-defined\":\"true\",\"tags\":\"\"}},{\"name\":\"data_collector_name\",\"description\":\"data_collector_name\",\"type\":[\"null\",\"string\"],\"@logiak\":{\"uuid\":\"783cdb38-41cc-41b0-8ac8-64409720d952\",\"type\":\"text\",\"workflow\":\"false\",\"personal\":\"false\",\"unique\":\"false\",\"user-defined\":\"true\",\"tags\":\"\"}},{\"name\":\"data_collector_phone\",\"description\":\"data_collector_phone\",\"type\":[\"null\",\"string\"],\"@logiak\":{\"uuid\":\"07e02dce-0a7f-4dc2-9f59-74369c62aafc\",\"type\":\"text\",\"workflow\":\"false\",\"personal\":\"false\",\"unique\":\"false\",\"user-defined\":\"true\",\"tags\":\"\"}},{\"name\":\"email\",\"description\":\"email\",\"type\":[\"null\",\"string\"],\"@logiak\":{\"uuid\":\"5be4a9f4-4937-4c69-a8cb-acf3a972c8b1\",\"type\":\"text\",\"workflow\":\"false\",\"personal\":\"false\",\"unique\":\"false\",\"user-defined\":\"false\",\"tags\":\"\"}},{\"name\":\"firebase_uuid\",\"description\":\"firebase_uuid\",\"type\":[\"null\",\"string\"],\"@logiak\":{\"uuid\":\"f686c9bd-38d9-4138-ac8c-541c2fbd2d3c\",\"type\":\"text\",\"workflow\":\"false\",\"personal\":\"false\",\"unique\":\"false\",\"user-defined\":\"false\",\"tags\":\"\"}},{\"name\":\"group_uuid\",\"description\":\"group_uuid\",\"type\":[\"null\",\"string\"],\"@logiak\":{\"uuid\":\"93c633f2-0f94-468f-b7fa-24641afe0df5\",\"type\":\"text\",\"workflow\":\"false\",\"personal\":\"false\",\"unique\":\"false\",\"user-defined\":\"false\",\"tags\":\"\"}},{\"name\":\"latitude\",\"description\":\"latitude\",\"type\":[\"null\",\"double\"],\"decimalplaces\":\"0\",\"@logiak\":{\"uuid\":\"2ae13896-f800-4dd0-bdbd-6122f8d4afa6\",\"type\":\"number\",\"workflow\":\"false\",\"personal\":\"false\",\"unique\":\"false\",\"user-defined\":\"false\",\"defaultvalue\":\"0.0\",\"tags\":\"\"}},{\"name\":\"longitude\",\"description\":\"longitude\",\"type\":[\"null\",\"double\"],\"decimalplaces\":\"0\",\"@logiak\":{\"uuid\":\"0753a963-ea12-43d8-9942-e84feadeb467\",\"type\":\"number\",\"workflow\":\"false\",\"personal\":\"false\",\"unique\":\"false\",\"user-defined\":\"false\",\"defaultvalue\":\"0.0\",\"tags\":\"\"}},{\"name\":\"managed_uuid\",\"description\":\"managed_uuid\",\"type\":[\"null\",\"string\"],\"@logiak\":{\"uuid\":\"88e161af-ad43-40cb-bdc3-3210a303e850\",\"type\":\"text\",\"workflow\":\"false\",\"personal\":\"false\",\"unique\":\"false\",\"user-defined\":\"false\",\"tags\":\"\"}},{\"name\":\"modified\",\"description\":\"modified\",\"type\":[\"null\",\"long\"],\"logicalType\":\"timestamp-millis\",\"@logiak\":{\"uuid\":\"8844392c-8c60-4edb-859f-b59923a6fba9\",\"type\":\"date\",\"workflow\":\"false\",\"personal\":\"false\",\"unique\":\"false\",\"user-defined\":\"false\",\"defaultvalue\":\"0\",\"tags\":\"\"}},{\"name\":\"program\",\"description\":\"program\",\"type\":[\"null\",\"string\"],\"@logiak\":{\"uuid\":\"e0b2d9a7-0dea-4fcc-a2f2-563cf860ce46\",\"type\":\"text\",\"workflow\":\"false\",\"personal\":\"false\",\"unique\":\"false\",\"user-defined\":\"true\",\"tags\":\"\"}},{\"name\":\"role_uuid\",\"description\":\"role_uuid\",\"type\":[\"null\",\"string\"],\"@logiak\":{\"uuid\":\"160a0000-8633-4cfc-b95d-16bbb1585f01\",\"type\":\"text\",\"workflow\":\"false\",\"personal\":\"false\",\"unique\":\"false\",\"user-defined\":\"false\",\"tags\":\"\"}},{\"name\":\"uuid\",\"description\":\"uuid\",\"type\":[\"null\",\"string\"],\"@logiak\":{\"uuid\":\"8feab5c1-c23e-4a96-8ae5-5f41294b9b99\",\"type\":\"text\",\"workflow\":\"false\",\"personal\":\"false\",\"unique\":\"false\",\"user-defined\":\"false\",\"tags\":\"\"}},{\"name\":\"version_created\",\"description\":\"version_created\",\"type\":[\"null\",\"string\"],\"@logiak\":{\"uuid\":\"774184e6-3096-4e62-8bbd-41bc515f274b\",\"type\":\"text\",\"workflow\":\"false\",\"personal\":\"false\",\"unique\":\"false\",\"user-defined\":\"false\",\"tags\":\"\"}},{\"name\":\"version_modified\",\"description\":\"version_modified\",\"type\":[\"null\",\"string\"],\"@logiak\":{\"uuid\":\"f5a1d4c8-cb2f-43b7-ba82-e7a2230fcfa1\",\"type\":\"text\",\"workflow\":\"false\",\"personal\":\"false\",\"unique\":\"false\",\"user-defined\":\"false\",\"tags\":\"\"}}]}",
  "equipment" : "{\"name\":\"equipment\",\"type\":\"record\",\"@logiak\":{\"uuid\":\"64ff6cb0-fa27-48c4-a994-c7b42539b113\"},\"fields\":[{\"name\":\"created\",\"description\":\"created\",\"type\":[\"null\",\"long\"],\"logicalType\":\"timestamp-millis\",\"@logiak\":{\"uuid\":\"e884b30b-0bad-4505-af2c-2010ce386d30\",\"type\":\"date\",\"workflow\":\"false\",\"personal\":\"false\",\"unique\":\"false\",\"user-defined\":\"false\",\"defaultvalue\":\"0\",\"tags\":\"\"}},{\"name\":\"email\",\"description\":\"email\",\"type\":[\"null\",\"string\"],\"@logiak\":{\"uuid\":\"5be4a9f4-4937-4c69-a8cb-acf3a972c8b1\",\"type\":\"text\",\"workflow\":\"false\",\"personal\":\"false\",\"unique\":\"false\",\"user-defined\":\"false\",\"tags\":\"\"}},{\"name\":\"equipment_id\",\"description\":\"equipment_id\",\"type\":[\"null\",\"string\"],\"@logiak\":{\"uuid\":\"284297c9-d8f4-4510-bcc6-32984a47c73e\",\"type\":\"text\",\"workflow\":\"false\",\"personal\":\"false\",\"unique\":\"true\",\"user-defined\":\"true\",\"tags\":\"\"}},{\"name\":\"firebase_uuid\",\"description\":\"firebase_uuid\",\"type\":[\"null\",\"string\"],\"@logiak\":{\"uuid\":\"f686c9bd-38d9-4138-ac8c-541c2fbd2d3c\",\"type\":\"text\",\"workflow\":\"false\",\"personal\":\"false\",\"unique\":\"false\",\"user-defined\":\"false\",\"tags\":\"\"}},{\"name\":\"group_uuid\",\"description\":\"group_uuid\",\"type\":[\"null\",\"string\"],\"@logiak\":{\"uuid\":\"93c633f2-0f94-468f-b7fa-24641afe0df5\",\"type\":\"text\",\"workflow\":\"false\",\"personal\":\"false\",\"unique\":\"false\",\"user-defined\":\"false\",\"tags\":\"\"}},{\"name\":\"latitude\",\"description\":\"latitude\",\"type\":[\"null\",\"double\"],\"decimalplaces\":\"0\",\"@logiak\":{\"uuid\":\"2ae13896-f800-4dd0-bdbd-6122f8d4afa6\",\"type\":\"number\",\"workflow\":\"false\",\"personal\":\"false\",\"unique\":\"false\",\"user-defined\":\"false\",\"defaultvalue\":\"0.0\",\"tags\":\"\"}},{\"name\":\"longitude\",\"description\":\"longitude\",\"type\":[\"null\",\"double\"],\"decimalplaces\":\"0\",\"@logiak\":{\"uuid\":\"0753a963-ea12-43d8-9942-e84feadeb467\",\"type\":\"number\",\"workflow\":\"false\",\"personal\":\"false\",\"unique\":\"false\",\"user-defined\":\"false\",\"defaultvalue\":\"0.0\",\"tags\":\"\"}},{\"name\":\"managed_uuid\",\"description\":\"managed_uuid\",\"type\":[\"null\",\"string\"],\"@logiak\":{\"uuid\":\"88e161af-ad43-40cb-bdc3-3210a303e850\",\"type\":\"text\",\"workflow\":\"false\",\"personal\":\"false\",\"unique\":\"false\",\"user-defined\":\"false\",\"tags\":\"\"}},{\"name\":\"modified\",\"description\":\"modified\",\"type\":[\"null\",\"long\"],\"logicalType\":\"timestamp-millis\",\"@logiak\":{\"uuid\":\"8844392c-8c60-4edb-859f-b59923a6fba9\",\"type\":\"date\",\"workflow\":\"false\",\"personal\":\"false\",\"unique\":\"false\",\"user-defined\":\"false\",\"defaultvalue\":\"0\",\"tags\":\"\"}},{\"name\":\"name\",\"description\":\"name\",\"type\":[\"null\",\"string\"],\"@logiak\":{\"uuid\":\"46a529dc-ba71-4064-b11f-b0e575f3fd07\",\"type\":\"text\",\"workflow\":\"false\",\"personal\":\"false\",\"unique\":\"true\",\"user-defined\":\"true\",\"tags\":\"\"}},{\"name\":\"role_uuid\",\"description\":\"role_uuid\",\"type\":[\"null\",\"string\"],\"@logiak\":{\"uuid\":\"160a0000-8633-4cfc-b95d-16bbb1585f01\",\"type\":\"text\",\"workflow\":\"false\",\"personal\":\"false\",\"unique\":\"false\",\"user-defined\":\"false\",\"tags\":\"\"}},{\"name\":\"type\",\"description\":\"type\",\"type\":[\"null\",\"string\"],\"@logiak\":{\"uuid\":\"afb797de-8b8b-40fa-9a00-60e6109add87\",\"type\":\"text\",\"workflow\":\"false\",\"personal\":\"false\",\"unique\":\"false\",\"user-defined\":\"true\",\"tags\":\"\"}},{\"name\":\"type_shortname\",\"description\":\"type_shortname\",\"type\":[\"null\",\"string\"],\"@logiak\":{\"uuid\":\"64e44645-48ae-46f6-8a03-db09345e512f\",\"type\":\"text\",\"workflow\":\"false\",\"personal\":\"false\",\"unique\":\"false\",\"user-defined\":\"true\",\"tags\":\"\"}},{\"name\":\"uuid\",\"description\":\"uuid\",\"type\":[\"null\",\"string\"],\"@logiak\":{\"uuid\":\"8feab5c1-c23e-4a96-8ae5-5f41294b9b99\",\"type\":\"text\",\"workflow\":\"false\",\"personal\":\"false\",\"unique\":\"false\",\"user-defined\":\"false\",\"tags\":\"\"}},{\"name\":\"version_created\",\"description\":\"version_created\",\"type\":[\"null\",\"string\"],\"@logiak\":{\"uuid\":\"774184e6-3096-4e62-8bbd-41bc515f274b\",\"type\":\"text\",\"workflow\":\"false\",\"personal\":\"false\",\"unique\":\"false\",\"user-defined\":\"false\",\"tags\":\"\"}},{\"name\":\"version_modified\",\"description\":\"version_modified\",\"type\":[\"null\",\"string\"],\"@logiak\":{\"uuid\":\"f5a1d4c8-cb2f-43b7-ba82-e7a2230fcfa1\",\"type\":\"text\",\"workflow\":\"false\",\"personal\":\"false\",\"unique\":\"false\",\"user-defined\":\"false\",\"tags\":\"\"}}]}",
  "equipment_status" : "{\"name\":\"equipment_status\",\"type\":\"record\",\"@logiak\":{\"uuid\":\"3df1bbb7-bc17-4053-920a-bf6911067ce1\"},\"fields\":[{\"name\":\"breakdown_date\",\"description\":\"date\",\"type\":[\"null\",\"long\"],\"logicalType\":\"timestamp-millis\",\"@logiak\":{\"uuid\":\"1b25882e-6394-4712-8782-5ab2e46c8bcd\",\"type\":\"date\",\"workflow\":\"false\",\"personal\":\"false\",\"unique\":\"false\",\"user-defined\":\"true\",\"defaultvalue\":\"0\",\"tags\":\"\"}},{\"name\":\"breakdown_reason_id\",\"description\":\"breakdown_reason_id\",\"type\":[\"null\",\"string\"],\"@logiak\":{\"uuid\":\"64df06e0-d44b-46ef-835a-5ebb65f35550\",\"type\":\"text\",\"workflow\":\"false\",\"personal\":\"false\",\"unique\":\"false\",\"user-defined\":\"true\",\"tags\":\"\"}},{\"name\":\"breakdown_reason_reason\",\"description\":\"reason\",\"type\":[\"null\",\"string\"],\"@logiak\":{\"uuid\":\"4af91c31-1ced-46c6-ab05-96d44290b1fa\",\"type\":\"text\",\"workflow\":\"false\",\"personal\":\"false\",\"unique\":\"false\",\"user-defined\":\"true\",\"tags\":\"\"}},{\"name\":\"created\",\"description\":\"created\",\"type\":[\"null\",\"long\"],\"logicalType\":\"timestamp-millis\",\"@logiak\":{\"uuid\":\"e884b30b-0bad-4505-af2c-2010ce386d30\",\"type\":\"date\",\"workflow\":\"false\",\"personal\":\"false\",\"unique\":\"false\",\"user-defined\":\"false\",\"defaultvalue\":\"0\",\"tags\":\"\"}},{\"name\":\"customer_equipment_id\",\"description\":\"customer_equipment_id\",\"type\":[\"null\",\"string\"],\"@logiak\":{\"uuid\":\"69079428-4df0-4592-a532-e7aa1bf90bef\",\"type\":\"text\",\"workflow\":\"false\",\"personal\":\"false\",\"unique\":\"false\",\"user-defined\":\"true\",\"tags\":\"\"}},{\"name\":\"email\",\"description\":\"email\",\"type\":[\"null\",\"string\"],\"@logiak\":{\"uuid\":\"5be4a9f4-4937-4c69-a8cb-acf3a972c8b1\",\"type\":\"text\",\"workflow\":\"false\",\"personal\":\"false\",\"unique\":\"false\",\"user-defined\":\"false\",\"tags\":\"\"}},{\"name\":\"equipment_id\",\"description\":\"equipment_id\",\"type\":[\"null\",\"string\"],\"@logiak\":{\"uuid\":\"31f0ac6c-2510-477f-a912-50b54e4b93c5\",\"type\":\"text\",\"workflow\":\"false\",\"personal\":\"false\",\"unique\":\"false\",\"user-defined\":\"true\",\"tags\":\"\"}},{\"name\":\"equipment_name\",\"description\":\"name\",\"type\":[\"null\",\"string\"],\"@logiak\":{\"uuid\":\"f8b45560-7916-4f34-9bbf-1650b1ce30bc\",\"type\":\"text\",\"workflow\":\"false\",\"personal\":\"false\",\"unique\":\"false\",\"user-defined\":\"true\",\"tags\":\"\"}},{\"name\":\"equipment_status_id\",\"description\":\"equipment_status_id\",\"type\":[\"null\",\"string\"],\"@logiak\":{\"uuid\":\"06c03e6f-e883-443c-bd41-22fccbb7cf5f\",\"type\":\"text\",\"workflow\":\"false\",\"personal\":\"false\",\"unique\":\"false\",\"user-defined\":\"true\",\"tags\":\"\"}},{\"name\":\"firebase_uuid\",\"description\":\"firebase_uuid\",\"type\":[\"null\",\"string\"],\"@logiak\":{\"uuid\":\"f686c9bd-38d9-4138-ac8c-541c2fbd2d3c\",\"type\":\"text\",\"workflow\":\"false\",\"personal\":\"false\",\"unique\":\"false\",\"user-defined\":\"false\",\"tags\":\"\"}},{\"name\":\"group_uuid\",\"description\":\"group_uuid\",\"type\":[\"null\",\"string\"],\"@logiak\":{\"uuid\":\"93c633f2-0f94-468f-b7fa-24641afe0df5\",\"type\":\"text\",\"workflow\":\"false\",\"personal\":\"false\",\"unique\":\"false\",\"user-defined\":\"false\",\"tags\":\"\"}},{\"name\":\"is_functional\",\"description\":\"is_functional ?\",\"type\":[\"null\",\"boolean\"],\"@logiak\":{\"uuid\":\"cffb7fe8-18e1-44c0-89bc-f4a712ddb370\",\"type\":\"boolean\",\"workflow\":\"false\",\"personal\":\"false\",\"unique\":\"false\",\"user-defined\":\"true\",\"defaultvalue\":\"false\",\"tags\":\"\"}},{\"name\":\"latitude\",\"description\":\"latitude\",\"type\":[\"null\",\"double\"],\"decimalplaces\":\"0\",\"@logiak\":{\"uuid\":\"2ae13896-f800-4dd0-bdbd-6122f8d4afa6\",\"type\":\"number\",\"workflow\":\"false\",\"personal\":\"false\",\"unique\":\"false\",\"user-defined\":\"false\",\"defaultvalue\":\"0.0\",\"tags\":\"\"}},{\"name\":\"longitude\",\"description\":\"longitude\",\"type\":[\"null\",\"double\"],\"decimalplaces\":\"0\",\"@logiak\":{\"uuid\":\"0753a963-ea12-43d8-9942-e84feadeb467\",\"type\":\"number\",\"workflow\":\"false\",\"personal\":\"false\",\"unique\":\"false\",\"user-defined\":\"false\",\"defaultvalue\":\"0.0\",\"tags\":\"\"}},{\"name\":\"managed_uuid\",\"description\":\"managed_uuid\",\"type\":[\"null\",\"string\"],\"@logiak\":{\"uuid\":\"88e161af-ad43-40cb-bdc3-3210a303e850\",\"type\":\"text\",\"workflow\":\"false\",\"personal\":\"false\",\"unique\":\"false\",\"user-defined\":\"false\",\"tags\":\"\"}},{\"name\":\"modified\",\"description\":\"modified\",\"type\":[\"null\",\"long\"],\"logicalType\":\"timestamp-millis\",\"@logiak\":{\"uuid\":\"8844392c-8c60-4edb-859f-b59923a6fba9\",\"type\":\"date\",\"workflow\":\"false\",\"personal\":\"false\",\"unique\":\"false\",\"user-defined\":\"false\",\"defaultvalue\":\"0\",\"tags\":\"\"}},{\"name\":\"role_uuid\",\"description\":\"role_uuid\",\"type\":[\"null\",\"string\"],\"@logiak\":{\"uuid\":\"160a0000-8633-4cfc-b95d-16bbb1585f01\",\"type\":\"text\",\"workflow\":\"false\",\"personal\":\"false\",\"unique\":\"false\",\"user-defined\":\"false\",\"tags\":\"\"}},{\"name\":\"uuid\",\"description\":\"uuid\",\"type\":[\"null\",\"string\"],\"@logiak\":{\"uuid\":\"8feab5c1-c23e-4a96-8ae5-5f41294b9b99\",\"type\":\"text\",\"workflow\":\"false\",\"personal\":\"false\",\"unique\":\"false\",\"user-defined\":\"false\",\"tags\":\"\"}},{\"name\":\"version_created\",\"description\":\"version_created\",\"type\":[\"null\",\"string\"],\"@logiak\":{\"uuid\":\"774184e6-3096-4e62-8bbd-41bc515f274b\",\"type\":\"text\",\"workflow\":\"false\",\"personal\":\"false\",\"unique\":\"false\",\"user-defined\":\"false\",\"tags\":\"\"}},{\"name\":\"version_modified\",\"description\":\"version_modified\",\"type\":[\"null\",\"string\"],\"@logiak\":{\"uuid\":\"f5a1d4c8-cb2f-43b7-ba82-e7a2230fcfa1\",\"type\":\"text\",\"workflow\":\"false\",\"personal\":\"false\",\"unique\":\"false\",\"user-defined\":\"false\",\"tags\":\"\"}}]}",
  "inbound" : "{\"name\":\"inbound\",\"type\":\"record\",\"@logiak\":{\"uuid\":\"04ea1a7c-b863-4f96-a210-269a2a359770\"},\"fields\":[{\"name\":\"allocation_id\",\"description\":\"allocation id\",\"type\":[\"null\",\"string\"],\"@logiak\":{\"uuid\":\"568b5e10-7986-49de-ba0f-ffae21c5f791\",\"type\":\"text\",\"workflow\":\"false\",\"personal\":\"false\",\"unique\":\"false\",\"user-defined\":\"true\",\"tags\":\"\"}},{\"name\":\"batch_id\",\"description\":\"Batch ID\",\"type\":[\"null\",\"string\"],\"@logiak\":{\"uuid\":\"60b3e907-b5c5-464c-b04e-0784cae424ce\",\"type\":\"text\",\"workflow\":\"false\",\"personal\":\"false\",\"unique\":\"false\",\"user-defined\":\"true\",\"tags\":\"\"}},{\"name\":\"batch_number\",\"description\":\"batch_number\",\"type\":[\"null\",\"string\"],\"@logiak\":{\"uuid\":\"4d8102b0-a8dc-4f9f-809b-6adf069d3b8e\",\"type\":\"text\",\"workflow\":\"false\",\"personal\":\"false\",\"unique\":\"false\",\"user-defined\":\"true\",\"tags\":\"\"}},{\"name\":\"comment\",\"description\":\"comment\",\"type\":[\"null\",\"string\"],\"@logiak\":{\"uuid\":\"28eaa281-089a-48ae-8f2c-fe8cac1c1565\",\"type\":\"text\",\"workflow\":\"false\",\"personal\":\"false\",\"unique\":\"false\",\"user-defined\":\"true\",\"tags\":\"\"}},{\"name\":\"created\",\"description\":\"created\",\"type\":[\"null\",\"long\"],\"logicalType\":\"timestamp-millis\",\"@logiak\":{\"uuid\":\"e884b30b-0bad-4505-af2c-2010ce386d30\",\"type\":\"date\",\"workflow\":\"false\",\"personal\":\"false\",\"unique\":\"false\",\"user-defined\":\"false\",\"defaultvalue\":\"0\",\"tags\":\"\"}},{\"name\":\"data_collector_email\",\"description\":\"for saving entity of data collector in inbound\",\"type\":[\"null\",\"string\"],\"@logiak\":{\"uuid\":\"811dd961-e7d2-41c1-8b87-b6dfdcb81d28\",\"type\":\"text\",\"workflow\":\"false\",\"personal\":\"false\",\"unique\":\"true\",\"user-defined\":\"true\",\"tags\":\"\"}},{\"name\":\"date\",\"description\":\"the date of the reporting\",\"type\":[\"null\",\"long\"],\"logicalType\":\"timestamp-millis\",\"@logiak\":{\"uuid\":\"0dea7611-0a95-489b-a9d3-92bb75673691\",\"type\":\"date\",\"workflow\":\"false\",\"personal\":\"false\",\"unique\":\"false\",\"user-defined\":\"true\",\"lowerbound\":\"SP;6;86400000;-;?now?\",\"upperbound\":\"?now?\",\"defaultvalue\":\"datetime(\\u0027now\\u0027)\",\"tags\":\"\"}},{\"name\":\"email\",\"description\":\"email\",\"type\":[\"null\",\"string\"],\"@logiak\":{\"uuid\":\"5be4a9f4-4937-4c69-a8cb-acf3a972c8b1\",\"type\":\"text\",\"workflow\":\"false\",\"personal\":\"false\",\"unique\":\"false\",\"user-defined\":\"false\",\"tags\":\"\"}},{\"name\":\"expiry_date\",\"description\":\"expiry_date\",\"type\":[\"null\",\"long\"],\"logicalType\":\"timestamp-millis\",\"@logiak\":{\"uuid\":\"89ce9dda-b36f-452a-aaba-7a84aa91494d\",\"type\":\"date\",\"workflow\":\"false\",\"personal\":\"false\",\"unique\":\"false\",\"user-defined\":\"true\",\"defaultvalue\":\"0\",\"tags\":\"\"}},{\"name\":\"firebase_uuid\",\"description\":\"firebase_uuid\",\"type\":[\"null\",\"string\"],\"@logiak\":{\"uuid\":\"f686c9bd-38d9-4138-ac8c-541c2fbd2d3c\",\"type\":\"text\",\"workflow\":\"false\",\"personal\":\"false\",\"unique\":\"false\",\"user-defined\":\"false\",\"tags\":\"\"}},{\"name\":\"group_uuid\",\"description\":\"group_uuid\",\"type\":[\"null\",\"string\"],\"@logiak\":{\"uuid\":\"93c633f2-0f94-468f-b7fa-24641afe0df5\",\"type\":\"text\",\"workflow\":\"false\",\"personal\":\"false\",\"unique\":\"false\",\"user-defined\":\"false\",\"tags\":\"\"}},{\"name\":\"inbound_id\",\"description\":\"inbound_id\",\"type\":[\"null\",\"string\"],\"@logiak\":{\"uuid\":\"d96c337b-efb6-4214-a103-f6764c3a22ed\",\"type\":\"text\",\"workflow\":\"false\",\"personal\":\"false\",\"unique\":\"false\",\"user-defined\":\"true\",\"tags\":\"\"}},{\"name\":\"is_return\",\"description\":\"is_return\",\"type\":[\"null\",\"boolean\"],\"@logiak\":{\"uuid\":\"2ea481e1-9a98-433d-b591-a1161d377abe\",\"type\":\"boolean\",\"workflow\":\"false\",\"personal\":\"false\",\"unique\":\"false\",\"user-defined\":\"true\",\"defaultvalue\":\"false\",\"tags\":\"\"}},{\"name\":\"item_id\",\"description\":\"item_id\",\"type\":[\"null\",\"string\"],\"@logiak\":{\"uuid\":\"12c7c41b-37c5-4c0b-9e95-26a0de59df99\",\"type\":\"text\",\"workflow\":\"false\",\"personal\":\"false\",\"unique\":\"false\",\"user-defined\":\"true\",\"tags\":\"\"}},{\"name\":\"item_name\",\"description\":\"item\",\"type\":[\"null\",\"string\"],\"@logiak\":{\"uuid\":\"726ca6c8-6abe-4915-b002-1ba7d0240225\",\"type\":\"text\",\"workflow\":\"false\",\"personal\":\"false\",\"unique\":\"false\",\"user-defined\":\"true\",\"tags\":\"\"}},{\"name\":\"latitude\",\"description\":\"latitude\",\"type\":[\"null\",\"double\"],\"decimalplaces\":\"0\",\"@logiak\":{\"uuid\":\"2ae13896-f800-4dd0-bdbd-6122f8d4afa6\",\"type\":\"number\",\"workflow\":\"false\",\"personal\":\"false\",\"unique\":\"false\",\"user-defined\":\"false\",\"defaultvalue\":\"0.0\",\"tags\":\"\"}},{\"name\":\"longitude\",\"description\":\"longitude\",\"type\":[\"null\",\"double\"],\"decimalplaces\":\"0\",\"@logiak\":{\"uuid\":\"0753a963-ea12-43d8-9942-e84feadeb467\",\"type\":\"number\",\"workflow\":\"false\",\"personal\":\"false\",\"unique\":\"false\",\"user-defined\":\"false\",\"defaultvalue\":\"0.0\",\"tags\":\"\"}},{\"name\":\"managed_uuid\",\"description\":\"managed_uuid\",\"type\":[\"null\",\"string\"],\"@logiak\":{\"uuid\":\"88e161af-ad43-40cb-bdc3-3210a303e850\",\"type\":\"text\",\"workflow\":\"false\",\"personal\":\"false\",\"unique\":\"false\",\"user-defined\":\"false\",\"tags\":\"\"}},{\"name\":\"manufacturer\",\"description\":\"the name of the manufacturer of the item\",\"type\":[\"null\",\"string\"],\"@logiak\":{\"uuid\":\"587bf312-4f75-4016-b9cb-5d40587e387a\",\"type\":\"text\",\"workflow\":\"false\",\"personal\":\"false\",\"unique\":\"false\",\"user-defined\":\"true\",\"tags\":\"\"}},{\"name\":\"modified\",\"description\":\"modified\",\"type\":[\"null\",\"long\"],\"logicalType\":\"timestamp-millis\",\"@logiak\":{\"uuid\":\"8844392c-8c60-4edb-859f-b59923a6fba9\",\"type\":\"date\",\"workflow\":\"false\",\"personal\":\"false\",\"unique\":\"false\",\"user-defined\":\"false\",\"defaultvalue\":\"0\",\"tags\":\"\"}},{\"name\":\"program\",\"description\":\"program\",\"type\":[\"null\",\"string\"],\"@logiak\":{\"uuid\":\"88b3db5c-86e2-4f19-92ab-7e77ee0a680c\",\"type\":\"text\",\"workflow\":\"false\",\"personal\":\"false\",\"unique\":\"false\",\"user-defined\":\"true\",\"tags\":\"\"}},{\"name\":\"quantity\",\"description\":\"Quantity\",\"type\":[\"null\",\"double\"],\"decimalplaces\":\"0\",\"@logiak\":{\"uuid\":\"5f64515b-55ea-415c-b41f-130127187825\",\"type\":\"number\",\"workflow\":\"false\",\"personal\":\"false\",\"unique\":\"false\",\"user-defined\":\"true\",\"lowerbound\":\"0\",\"defaultvalue\":\"0.0\",\"tags\":\"\"}},{\"name\":\"role_uuid\",\"description\":\"role_uuid\",\"type\":[\"null\",\"string\"],\"@logiak\":{\"uuid\":\"160a0000-8633-4cfc-b95d-16bbb1585f01\",\"type\":\"text\",\"workflow\":\"false\",\"personal\":\"false\",\"unique\":\"false\",\"user-defined\":\"false\",\"tags\":\"\"}},{\"name\":\"sender_id\",\"description\":\"sender_id\",\"type\":[\"null\",\"string\"],\"@logiak\":{\"uuid\":\"b076e029-abcf-4c8a-b4e0-e1fde4eea8de\",\"type\":\"text\",\"workflow\":\"false\",\"personal\":\"false\",\"unique\":\"false\",\"user-defined\":\"true\",\"tags\":\"\"}},{\"name\":\"sender_name\",\"description\":\"sender\",\"type\":[\"null\",\"string\"],\"@logiak\":{\"uuid\":\"cdd6ba50-3777-45e3-9b55-5a121be4d389\",\"type\":\"text\",\"workflow\":\"false\",\"personal\":\"false\",\"unique\":\"false\",\"user-defined\":\"true\",\"tags\":\"\"}},{\"name\":\"uuid\",\"description\":\"uuid\",\"type\":[\"null\",\"string\"],\"@logiak\":{\"uuid\":\"8feab5c1-c23e-4a96-8ae5-5f41294b9b99\",\"type\":\"text\",\"workflow\":\"false\",\"personal\":\"false\",\"unique\":\"false\",\"user-defined\":\"false\",\"tags\":\"\"}},{\"name\":\"version_created\",\"description\":\"version_created\",\"type\":[\"null\",\"string\"],\"@logiak\":{\"uuid\":\"774184e6-3096-4e62-8bbd-41bc515f274b\",\"type\":\"text\",\"workflow\":\"false\",\"personal\":\"false\",\"unique\":\"false\",\"user-defined\":\"false\",\"tags\":\"\"}},{\"name\":\"version_modified\",\"description\":\"version_modified\",\"type\":[\"null\",\"string\"],\"@logiak\":{\"uuid\":\"f5a1d4c8-cb2f-43b7-ba82-e7a2230fcfa1\",\"type\":\"text\",\"workflow\":\"false\",\"personal\":\"false\",\"unique\":\"false\",\"user-defined\":\"false\",\"tags\":\"\"}},{\"name\":\"vvm_status\",\"description\":\"vvm_status\",\"type\":[\"null\",\"string\"],\"@logiak\":{\"uuid\":\"0b0723cd-4b7f-4890-b44a-4a4d078d58de\",\"type\":\"text\",\"workflow\":\"false\",\"personal\":\"false\",\"unique\":\"false\",\"user-defined\":\"true\",\"tags\":\"\"}}]}",
  "item" : "{\"name\":\"item\",\"type\":\"record\",\"@logiak\":{\"uuid\":\"77230cc8-7a72-462f-94da-6a87049af465\"},\"fields\":[{\"name\":\"base_uom\",\"description\":\"base_uom\",\"type\":[\"null\",\"string\"],\"@logiak\":{\"uuid\":\"d15b20d1-52e5-432f-a5f3-354820f7e8f0\",\"type\":\"text\",\"workflow\":\"false\",\"personal\":\"false\",\"unique\":\"false\",\"user-defined\":\"true\",\"tags\":\"\"}},{\"name\":\"base_uom_shortname\",\"description\":\"base_uom_shortname\",\"type\":[\"null\",\"string\"],\"@logiak\":{\"uuid\":\"66f9a641-107b-4b39-a603-fbaea9978b36\",\"type\":\"text\",\"workflow\":\"false\",\"personal\":\"false\",\"unique\":\"false\",\"user-defined\":\"true\",\"tags\":\"\"}},{\"name\":\"created\",\"description\":\"created\",\"type\":[\"null\",\"long\"],\"logicalType\":\"timestamp-millis\",\"@logiak\":{\"uuid\":\"e884b30b-0bad-4505-af2c-2010ce386d30\",\"type\":\"date\",\"workflow\":\"false\",\"personal\":\"false\",\"unique\":\"false\",\"user-defined\":\"false\",\"defaultvalue\":\"0\",\"tags\":\"\"}},{\"name\":\"email\",\"description\":\"email\",\"type\":[\"null\",\"string\"],\"@logiak\":{\"uuid\":\"5be4a9f4-4937-4c69-a8cb-acf3a972c8b1\",\"type\":\"text\",\"workflow\":\"false\",\"personal\":\"false\",\"unique\":\"false\",\"user-defined\":\"false\",\"tags\":\"\"}},{\"name\":\"firebase_uuid\",\"description\":\"firebase_uuid\",\"type\":[\"null\",\"string\"],\"@logiak\":{\"uuid\":\"f686c9bd-38d9-4138-ac8c-541c2fbd2d3c\",\"type\":\"text\",\"workflow\":\"false\",\"personal\":\"false\",\"unique\":\"false\",\"user-defined\":\"false\",\"tags\":\"\"}},{\"name\":\"group_uuid\",\"description\":\"group_uuid\",\"type\":[\"null\",\"string\"],\"@logiak\":{\"uuid\":\"93c633f2-0f94-468f-b7fa-24641afe0df5\",\"type\":\"text\",\"workflow\":\"false\",\"personal\":\"false\",\"unique\":\"false\",\"user-defined\":\"false\",\"tags\":\"\"}},{\"name\":\"item_id\",\"description\":\"item_id\",\"type\":[\"null\",\"double\"],\"decimalplaces\":\"0\",\"@logiak\":{\"uuid\":\"b833cdfb-cda1-4485-bf37-7dcdc830acc1\",\"type\":\"number\",\"workflow\":\"false\",\"personal\":\"false\",\"unique\":\"true\",\"user-defined\":\"true\",\"defaultvalue\":\"0.0\",\"tags\":\"\"}},{\"name\":\"item_type\",\"description\":\"item_type\",\"type\":[\"null\",\"string\"],\"@logiak\":{\"uuid\":\"379503f4-b8f0-4438-9fa3-0b33319a2fc3\",\"type\":\"text\",\"workflow\":\"false\",\"personal\":\"false\",\"unique\":\"false\",\"user-defined\":\"true\",\"tags\":\"\"}},{\"name\":\"latitude\",\"description\":\"latitude\",\"type\":[\"null\",\"double\"],\"decimalplaces\":\"0\",\"@logiak\":{\"uuid\":\"2ae13896-f800-4dd0-bdbd-6122f8d4afa6\",\"type\":\"number\",\"workflow\":\"false\",\"personal\":\"false\",\"unique\":\"false\",\"user-defined\":\"false\",\"defaultvalue\":\"0.0\",\"tags\":\"\"}},{\"name\":\"longitude\",\"description\":\"longitude\",\"type\":[\"null\",\"double\"],\"decimalplaces\":\"0\",\"@logiak\":{\"uuid\":\"0753a963-ea12-43d8-9942-e84feadeb467\",\"type\":\"number\",\"workflow\":\"false\",\"personal\":\"false\",\"unique\":\"false\",\"user-defined\":\"false\",\"defaultvalue\":\"0.0\",\"tags\":\"\"}},{\"name\":\"managed_uuid\",\"description\":\"managed_uuid\",\"type\":[\"null\",\"string\"],\"@logiak\":{\"uuid\":\"88e161af-ad43-40cb-bdc3-3210a303e850\",\"type\":\"text\",\"workflow\":\"false\",\"personal\":\"false\",\"unique\":\"false\",\"user-defined\":\"false\",\"tags\":\"\"}},{\"name\":\"modified\",\"description\":\"modified\",\"type\":[\"null\",\"long\"],\"logicalType\":\"timestamp-millis\",\"@logiak\":{\"uuid\":\"8844392c-8c60-4edb-859f-b59923a6fba9\",\"type\":\"date\",\"workflow\":\"false\",\"personal\":\"false\",\"unique\":\"false\",\"user-defined\":\"false\",\"defaultvalue\":\"0\",\"tags\":\"\"}},{\"name\":\"name\",\"description\":\"name\",\"type\":[\"null\",\"string\"],\"@logiak\":{\"uuid\":\"8acda0d4-a7c9-44fa-8c16-65daa95dc871\",\"type\":\"text\",\"workflow\":\"false\",\"personal\":\"false\",\"unique\":\"true\",\"user-defined\":\"true\",\"tags\":\"\"}},{\"name\":\"quantity\",\"description\":\"quantity\",\"type\":[\"null\",\"double\"],\"decimalplaces\":\"0\",\"@logiak\":{\"uuid\":\"85e6f56f-eaee-4790-b6dc-631cad0248ed\",\"type\":\"number\",\"workflow\":\"false\",\"personal\":\"false\",\"unique\":\"false\",\"user-defined\":\"true\",\"defaultvalue\":\"0.0\",\"tags\":\"\"}},{\"name\":\"role_uuid\",\"description\":\"role_uuid\",\"type\":[\"null\",\"string\"],\"@logiak\":{\"uuid\":\"160a0000-8633-4cfc-b95d-16bbb1585f01\",\"type\":\"text\",\"workflow\":\"false\",\"personal\":\"false\",\"unique\":\"false\",\"user-defined\":\"false\",\"tags\":\"\"}},{\"name\":\"shortname\",\"description\":\"shortname\",\"type\":[\"null\",\"string\"],\"@logiak\":{\"uuid\":\"12801849-787e-4443-a1a5-1b88050dc6d5\",\"type\":\"text\",\"workflow\":\"false\",\"personal\":\"false\",\"unique\":\"false\",\"user-defined\":\"true\",\"tags\":\"\"}},{\"name\":\"uom\",\"description\":\"uom\",\"type\":[\"null\",\"string\"],\"@logiak\":{\"uuid\":\"d3d3e5ee-cd0c-4bef-9a9a-dd43d22f5d4b\",\"type\":\"text\",\"workflow\":\"false\",\"personal\":\"false\",\"unique\":\"false\",\"user-defined\":\"true\",\"tags\":\"\"}},{\"name\":\"uom_shortname\",\"description\":\"uom_shortname\",\"type\":[\"null\",\"string\"],\"@logiak\":{\"uuid\":\"7ff010dd-4a7c-43cd-bc9d-4012e7524835\",\"type\":\"text\",\"workflow\":\"false\",\"personal\":\"false\",\"unique\":\"false\",\"user-defined\":\"true\",\"tags\":\"\"}},{\"name\":\"uuid\",\"description\":\"uuid\",\"type\":[\"null\",\"string\"],\"@logiak\":{\"uuid\":\"8feab5c1-c23e-4a96-8ae5-5f41294b9b99\",\"type\":\"text\",\"workflow\":\"false\",\"personal\":\"false\",\"unique\":\"false\",\"user-defined\":\"false\",\"tags\":\"\"}},{\"name\":\"version_created\",\"description\":\"version_created\",\"type\":[\"null\",\"string\"],\"@logiak\":{\"uuid\":\"774184e6-3096-4e62-8bbd-41bc515f274b\",\"type\":\"text\",\"workflow\":\"false\",\"personal\":\"false\",\"unique\":\"false\",\"user-defined\":\"false\",\"tags\":\"\"}},{\"name\":\"version_modified\",\"description\":\"version_modified\",\"type\":[\"null\",\"string\"],\"@logiak\":{\"uuid\":\"f5a1d4c8-cb2f-43b7-ba82-e7a2230fcfa1\",\"type\":\"text\",\"workflow\":\"false\",\"personal\":\"false\",\"unique\":\"false\",\"user-defined\":\"false\",\"tags\":\"\"}}]}",
  "outbound" : "{\"name\":\"outbound\",\"type\":\"record\",\"@logiak\":{\"uuid\":\"058c16ef-7767-48c6-b8a9-e74b5dbb071e\"},\"fields\":[{\"name\":\"allocation_id\",\"description\":\"inventory id\",\"type\":[\"null\",\"string\"],\"@logiak\":{\"uuid\":\"cf6dc993-eb47-4292-986a-1c56bd16e247\",\"type\":\"text\",\"workflow\":\"false\",\"personal\":\"false\",\"unique\":\"true\",\"user-defined\":\"true\",\"tags\":\"\"}},{\"name\":\"batch_number\",\"description\":\"batch number\",\"type\":[\"null\",\"string\"],\"@logiak\":{\"uuid\":\"ea74b19b-b198-45a7-9115-a8b8d729857b\",\"type\":\"text\",\"workflow\":\"false\",\"personal\":\"false\",\"unique\":\"false\",\"user-defined\":\"true\",\"tags\":\"\"}},{\"name\":\"comment\",\"description\":\"comment\",\"type\":[\"null\",\"string\"],\"@logiak\":{\"uuid\":\"17b8386a-b73e-43ed-a0cb-a3db58b68efb\",\"type\":\"text\",\"workflow\":\"false\",\"personal\":\"false\",\"unique\":\"false\",\"user-defined\":\"true\",\"tags\":\"\"}},{\"name\":\"created\",\"description\":\"created\",\"type\":[\"null\",\"long\"],\"logicalType\":\"timestamp-millis\",\"@logiak\":{\"uuid\":\"e884b30b-0bad-4505-af2c-2010ce386d30\",\"type\":\"date\",\"workflow\":\"false\",\"personal\":\"false\",\"unique\":\"false\",\"user-defined\":\"false\",\"defaultvalue\":\"0\",\"tags\":\"\"}},{\"name\":\"data_collector_email\",\"description\":\"for saving data collector entity\",\"type\":[\"null\",\"string\"],\"@logiak\":{\"uuid\":\"37b103c9-e851-4832-9435-74eb3df08882\",\"type\":\"text\",\"workflow\":\"false\",\"personal\":\"false\",\"unique\":\"true\",\"user-defined\":\"true\",\"tags\":\"\"}},{\"name\":\"date\",\"description\":\"Date reported\",\"type\":[\"null\",\"long\"],\"logicalType\":\"timestamp-millis\",\"@logiak\":{\"uuid\":\"99124100-7ec9-4ab2-940c-4ae24246d038\",\"type\":\"date\",\"workflow\":\"false\",\"personal\":\"false\",\"unique\":\"false\",\"user-defined\":\"true\",\"lowerbound\":\"SP;6;86400000;-;?now?\",\"upperbound\":\"?now?\",\"defaultvalue\":\"datetime(\\u0027now\\u0027)\",\"tags\":\"\"}},{\"name\":\"email\",\"description\":\"email\",\"type\":[\"null\",\"string\"],\"@logiak\":{\"uuid\":\"5be4a9f4-4937-4c69-a8cb-acf3a972c8b1\",\"type\":\"text\",\"workflow\":\"false\",\"personal\":\"false\",\"unique\":\"false\",\"user-defined\":\"false\",\"tags\":\"\"}},{\"name\":\"firebase_uuid\",\"description\":\"firebase_uuid\",\"type\":[\"null\",\"string\"],\"@logiak\":{\"uuid\":\"f686c9bd-38d9-4138-ac8c-541c2fbd2d3c\",\"type\":\"text\",\"workflow\":\"false\",\"personal\":\"false\",\"unique\":\"false\",\"user-defined\":\"false\",\"tags\":\"\"}},{\"name\":\"group_uuid\",\"description\":\"group_uuid\",\"type\":[\"null\",\"string\"],\"@logiak\":{\"uuid\":\"93c633f2-0f94-468f-b7fa-24641afe0df5\",\"type\":\"text\",\"workflow\":\"false\",\"personal\":\"false\",\"unique\":\"false\",\"user-defined\":\"false\",\"tags\":\"\"}},{\"name\":\"is_return\",\"description\":\"is_return\",\"type\":[\"null\",\"boolean\"],\"@logiak\":{\"uuid\":\"c739197f-fdc8-4874-bf0c-055983eccac2\",\"type\":\"boolean\",\"workflow\":\"false\",\"personal\":\"false\",\"unique\":\"false\",\"user-defined\":\"true\",\"defaultvalue\":\"false\",\"tags\":\"\"}},{\"name\":\"item_id\",\"description\":\"item id\",\"type\":[\"null\",\"string\"],\"@logiak\":{\"uuid\":\"ecde2755-12c1-47a2-96d2-f6fd36f40050\",\"type\":\"text\",\"workflow\":\"false\",\"personal\":\"false\",\"unique\":\"false\",\"user-defined\":\"true\",\"tags\":\"\"}},{\"name\":\"item_name\",\"description\":\"item\",\"type\":[\"null\",\"string\"],\"@logiak\":{\"uuid\":\"f547037e-5dca-43d4-977d-730e79925054\",\"type\":\"text\",\"workflow\":\"false\",\"personal\":\"false\",\"unique\":\"false\",\"user-defined\":\"true\",\"tags\":\"\"}},{\"name\":\"latitude\",\"description\":\"latitude\",\"type\":[\"null\",\"double\"],\"decimalplaces\":\"0\",\"@logiak\":{\"uuid\":\"2ae13896-f800-4dd0-bdbd-6122f8d4afa6\",\"type\":\"number\",\"workflow\":\"false\",\"personal\":\"false\",\"unique\":\"false\",\"user-defined\":\"false\",\"defaultvalue\":\"0.0\",\"tags\":\"\"}},{\"name\":\"longitude\",\"description\":\"longitude\",\"type\":[\"null\",\"double\"],\"decimalplaces\":\"0\",\"@logiak\":{\"uuid\":\"0753a963-ea12-43d8-9942-e84feadeb467\",\"type\":\"number\",\"workflow\":\"false\",\"personal\":\"false\",\"unique\":\"false\",\"user-defined\":\"false\",\"defaultvalue\":\"0.0\",\"tags\":\"\"}},{\"name\":\"managed_uuid\",\"description\":\"managed_uuid\",\"type\":[\"null\",\"string\"],\"@logiak\":{\"uuid\":\"88e161af-ad43-40cb-bdc3-3210a303e850\",\"type\":\"text\",\"workflow\":\"false\",\"personal\":\"false\",\"unique\":\"false\",\"user-defined\":\"false\",\"tags\":\"\"}},{\"name\":\"modified\",\"description\":\"modified\",\"type\":[\"null\",\"long\"],\"logicalType\":\"timestamp-millis\",\"@logiak\":{\"uuid\":\"8844392c-8c60-4edb-859f-b59923a6fba9\",\"type\":\"date\",\"workflow\":\"false\",\"personal\":\"false\",\"unique\":\"false\",\"user-defined\":\"false\",\"defaultvalue\":\"0\",\"tags\":\"\"}},{\"name\":\"outbound_id\",\"description\":\"outbound id\",\"type\":[\"null\",\"string\"],\"@logiak\":{\"uuid\":\"1db53eeb-d250-4304-a7d1-348d0df2f418\",\"type\":\"text\",\"workflow\":\"false\",\"personal\":\"false\",\"unique\":\"false\",\"user-defined\":\"true\",\"tags\":\"\"}},{\"name\":\"program\",\"description\":\"program\",\"type\":[\"null\",\"string\"],\"@logiak\":{\"uuid\":\"eb64809c-b049-49fd-8a33-384b31485a2e\",\"type\":\"text\",\"workflow\":\"false\",\"personal\":\"false\",\"unique\":\"false\",\"user-defined\":\"true\",\"tags\":\"\"}},{\"name\":\"quantity\",\"description\":\"Quantity\",\"type\":[\"null\",\"double\"],\"decimalplaces\":\"0\",\"@logiak\":{\"uuid\":\"0519439b-b2c3-4c21-a639-4328a6008267\",\"type\":\"number\",\"workflow\":\"false\",\"personal\":\"false\",\"unique\":\"false\",\"user-defined\":\"true\",\"lowerbound\":\"0\",\"defaultvalue\":\"0.0\",\"tags\":\"\"}},{\"name\":\"receiver_id\",\"description\":\"receiver id\",\"type\":[\"null\",\"string\"],\"@logiak\":{\"uuid\":\"7a559e11-51bb-49d9-a1f9-c25309a13f45\",\"type\":\"text\",\"workflow\":\"false\",\"personal\":\"false\",\"unique\":\"false\",\"user-defined\":\"true\",\"tags\":\"\"}},{\"name\":\"receiver_name\",\"description\":\"receiver\",\"type\":[\"null\",\"string\"],\"@logiak\":{\"uuid\":\"11635f28-0f14-44c6-b285-1e7e449e00f1\",\"type\":\"text\",\"workflow\":\"false\",\"personal\":\"false\",\"unique\":\"false\",\"user-defined\":\"true\",\"tags\":\"\"}},{\"name\":\"role_uuid\",\"description\":\"role_uuid\",\"type\":[\"null\",\"string\"],\"@logiak\":{\"uuid\":\"160a0000-8633-4cfc-b95d-16bbb1585f01\",\"type\":\"text\",\"workflow\":\"false\",\"personal\":\"false\",\"unique\":\"false\",\"user-defined\":\"false\",\"tags\":\"\"}},{\"name\":\"uuid\",\"description\":\"uuid\",\"type\":[\"null\",\"string\"],\"@logiak\":{\"uuid\":\"8feab5c1-c23e-4a96-8ae5-5f41294b9b99\",\"type\":\"text\",\"workflow\":\"false\",\"personal\":\"false\",\"unique\":\"false\",\"user-defined\":\"false\",\"tags\":\"\"}},{\"name\":\"version_created\",\"description\":\"version_created\",\"type\":[\"null\",\"string\"],\"@logiak\":{\"uuid\":\"774184e6-3096-4e62-8bbd-41bc515f274b\",\"type\":\"text\",\"workflow\":\"false\",\"personal\":\"false\",\"unique\":\"false\",\"user-defined\":\"false\",\"tags\":\"\"}},{\"name\":\"version_modified\",\"description\":\"version_modified\",\"type\":[\"null\",\"string\"],\"@logiak\":{\"uuid\":\"f5a1d4c8-cb2f-43b7-ba82-e7a2230fcfa1\",\"type\":\"text\",\"workflow\":\"false\",\"personal\":\"false\",\"unique\":\"false\",\"user-defined\":\"false\",\"tags\":\"\"}},{\"name\":\"vvm_status\",\"description\":\"vvm_status\",\"type\":[\"null\",\"string\"],\"@logiak\":{\"uuid\":\"e6261556-0960-42d1-93cf-c3bcda6ddcf6\",\"type\":\"text\",\"workflow\":\"false\",\"personal\":\"false\",\"unique\":\"false\",\"user-defined\":\"true\",\"tags\":\"\"}}]}",
  "utilisation" : "{\"name\":\"utilisation\",\"type\":\"record\",\"@logiak\":{\"uuid\":\"bc3030d3-0d3e-4149-9adf-1ed4eaaf4a58\"},\"fields\":[{\"name\":\"allocation_id\",\"description\":\"allocation_id\",\"type\":[\"null\",\"string\"],\"@logiak\":{\"uuid\":\"27ff03fc-9247-4d0e-b5c8-091d741ecb55\",\"type\":\"text\",\"workflow\":\"false\",\"personal\":\"false\",\"unique\":\"false\",\"user-defined\":\"true\",\"tags\":\"\"}},{\"name\":\"batch_number\",\"description\":\"batch_number\",\"type\":[\"null\",\"string\"],\"@logiak\":{\"uuid\":\"c85e58e3-a0be-4fb9-bf49-56ac5dd1efc8\",\"type\":\"text\",\"workflow\":\"false\",\"personal\":\"false\",\"unique\":\"false\",\"user-defined\":\"true\",\"tags\":\"\"}},{\"name\":\"comment\",\"description\":\"comment\",\"type\":[\"null\",\"string\"],\"@logiak\":{\"uuid\":\"47df31ce-129f-4602-b824-ab3b87f7ac82\",\"type\":\"text\",\"workflow\":\"false\",\"personal\":\"false\",\"unique\":\"false\",\"user-defined\":\"true\",\"tags\":\"\"}},{\"name\":\"created\",\"description\":\"created\",\"type\":[\"null\",\"long\"],\"logicalType\":\"timestamp-millis\",\"@logiak\":{\"uuid\":\"e884b30b-0bad-4505-af2c-2010ce386d30\",\"type\":\"date\",\"workflow\":\"false\",\"personal\":\"false\",\"unique\":\"false\",\"user-defined\":\"false\",\"defaultvalue\":\"0\",\"tags\":\"\"}},{\"name\":\"data_collector_email\",\"description\":\"data_collector_email\",\"type\":[\"null\",\"string\"],\"@logiak\":{\"uuid\":\"7af81376-fb18-44c6-841e-b425aeb328c9\",\"type\":\"text\",\"workflow\":\"false\",\"personal\":\"false\",\"unique\":\"false\",\"user-defined\":\"true\",\"tags\":\"\"}},{\"name\":\"date\",\"description\":\"Date reported\",\"type\":[\"null\",\"long\"],\"logicalType\":\"timestamp-millis\",\"@logiak\":{\"uuid\":\"29ac4d94-a8e5-4568-ad7b-09e0452a85ba\",\"type\":\"date\",\"workflow\":\"false\",\"personal\":\"false\",\"unique\":\"false\",\"user-defined\":\"true\",\"lowerbound\":\"SP;6;86400000;-;?now?\",\"upperbound\":\"?now?\",\"defaultvalue\":\"datetime(\\u0027now\\u0027)\",\"tags\":\"\"}},{\"name\":\"email\",\"description\":\"email\",\"type\":[\"null\",\"string\"],\"@logiak\":{\"uuid\":\"5be4a9f4-4937-4c69-a8cb-acf3a972c8b1\",\"type\":\"text\",\"workflow\":\"false\",\"personal\":\"false\",\"unique\":\"false\",\"user-defined\":\"false\",\"tags\":\"\"}},{\"name\":\"firebase_uuid\",\"description\":\"firebase_uuid\",\"type\":[\"null\",\"string\"],\"@logiak\":{\"uuid\":\"f686c9bd-38d9-4138-ac8c-541c2fbd2d3c\",\"type\":\"text\",\"workflow\":\"false\",\"personal\":\"false\",\"unique\":\"false\",\"user-defined\":\"false\",\"tags\":\"\"}},{\"name\":\"group_uuid\",\"description\":\"group_uuid\",\"type\":[\"null\",\"string\"],\"@logiak\":{\"uuid\":\"93c633f2-0f94-468f-b7fa-24641afe0df5\",\"type\":\"text\",\"workflow\":\"false\",\"personal\":\"false\",\"unique\":\"false\",\"user-defined\":\"false\",\"tags\":\"\"}},{\"name\":\"item_id\",\"description\":\"item_id\",\"type\":[\"null\",\"string\"],\"@logiak\":{\"uuid\":\"ca811c49-0f5c-4056-b1dc-95054725f2d0\",\"type\":\"text\",\"workflow\":\"false\",\"personal\":\"false\",\"unique\":\"false\",\"user-defined\":\"true\",\"tags\":\"\"}},{\"name\":\"item_name\",\"description\":\"item\",\"type\":[\"null\",\"string\"],\"@logiak\":{\"uuid\":\"e55a9b32-0c54-4721-ad2c-e62cb607e72e\",\"type\":\"text\",\"workflow\":\"false\",\"personal\":\"false\",\"unique\":\"false\",\"user-defined\":\"true\",\"tags\":\"\"}},{\"name\":\"latitude\",\"description\":\"latitude\",\"type\":[\"null\",\"double\"],\"decimalplaces\":\"0\",\"@logiak\":{\"uuid\":\"2ae13896-f800-4dd0-bdbd-6122f8d4afa6\",\"type\":\"number\",\"workflow\":\"false\",\"personal\":\"false\",\"unique\":\"false\",\"user-defined\":\"false\",\"defaultvalue\":\"0.0\",\"tags\":\"\"}},{\"name\":\"longitude\",\"description\":\"longitude\",\"type\":[\"null\",\"double\"],\"decimalplaces\":\"0\",\"@logiak\":{\"uuid\":\"0753a963-ea12-43d8-9942-e84feadeb467\",\"type\":\"number\",\"workflow\":\"false\",\"personal\":\"false\",\"unique\":\"false\",\"user-defined\":\"false\",\"defaultvalue\":\"0.0\",\"tags\":\"\"}},{\"name\":\"managed_uuid\",\"description\":\"managed_uuid\",\"type\":[\"null\",\"string\"],\"@logiak\":{\"uuid\":\"88e161af-ad43-40cb-bdc3-3210a303e850\",\"type\":\"text\",\"workflow\":\"false\",\"personal\":\"false\",\"unique\":\"false\",\"user-defined\":\"false\",\"tags\":\"\"}},{\"name\":\"modified\",\"description\":\"modified\",\"type\":[\"null\",\"long\"],\"logicalType\":\"timestamp-millis\",\"@logiak\":{\"uuid\":\"8844392c-8c60-4edb-859f-b59923a6fba9\",\"type\":\"date\",\"workflow\":\"false\",\"personal\":\"false\",\"unique\":\"false\",\"user-defined\":\"false\",\"defaultvalue\":\"0\",\"tags\":\"\"}},{\"name\":\"program\",\"description\":\"program\",\"type\":[\"null\",\"string\"],\"@logiak\":{\"uuid\":\"8fc574ba-649d-4a59-9590-28bb586111b0\",\"type\":\"text\",\"workflow\":\"false\",\"personal\":\"false\",\"unique\":\"false\",\"user-defined\":\"true\",\"tags\":\"\"}},{\"name\":\"quantity\",\"description\":\"Quantity\",\"type\":[\"null\",\"double\"],\"decimalplaces\":\"0\",\"@logiak\":{\"uuid\":\"0f4b78ea-4649-4332-a8fb-b8dc5288c231\",\"type\":\"number\",\"workflow\":\"false\",\"personal\":\"false\",\"unique\":\"false\",\"user-defined\":\"true\",\"lowerbound\":\"0\",\"defaultvalue\":\"0.0\",\"tags\":\"\"}},{\"name\":\"quantity_used\",\"description\":\"quantity_used\",\"type\":[\"null\",\"double\"],\"decimalplaces\":\"0\",\"@logiak\":{\"uuid\":\"5eb96376-7ffa-4b4d-a975-fd0b56f5f1ea\",\"type\":\"number\",\"workflow\":\"false\",\"personal\":\"false\",\"unique\":\"false\",\"user-defined\":\"true\",\"defaultvalue\":\"0.0\",\"tags\":\"\"}},{\"name\":\"quantity_wasted\",\"description\":\"quantity_wasted\",\"type\":[\"null\",\"double\"],\"decimalplaces\":\"0\",\"@logiak\":{\"uuid\":\"bf1a723c-51a4-4323-a8b7-ada18453d47a\",\"type\":\"number\",\"workflow\":\"false\",\"personal\":\"false\",\"unique\":\"false\",\"user-defined\":\"true\",\"defaultvalue\":\"0.0\",\"tags\":\"\"}},{\"name\":\"recipient\",\"description\":\"recipient\",\"type\":[\"null\",\"string\"],\"@logiak\":{\"uuid\":\"a1d2624e-a19a-44c0-adff-1259980fa5db\",\"type\":\"text\",\"workflow\":\"false\",\"personal\":\"false\",\"unique\":\"false\",\"user-defined\":\"true\",\"tags\":\"\"}},{\"name\":\"role_uuid\",\"description\":\"role_uuid\",\"type\":[\"null\",\"string\"],\"@logiak\":{\"uuid\":\"160a0000-8633-4cfc-b95d-16bbb1585f01\",\"type\":\"text\",\"workflow\":\"false\",\"personal\":\"false\",\"unique\":\"false\",\"user-defined\":\"false\",\"tags\":\"\"}},{\"name\":\"utilisation_id\",\"description\":\"utilisation_id\",\"type\":[\"null\",\"string\"],\"@logiak\":{\"uuid\":\"4d3eee73-298e-4031-bcdc-cf4dd026fec8\",\"type\":\"text\",\"workflow\":\"false\",\"personal\":\"false\",\"unique\":\"true\",\"user-defined\":\"true\",\"tags\":\"\"}},{\"name\":\"uuid\",\"description\":\"uuid\",\"type\":[\"null\",\"string\"],\"@logiak\":{\"uuid\":\"8feab5c1-c23e-4a96-8ae5-5f41294b9b99\",\"type\":\"text\",\"workflow\":\"false\",\"personal\":\"false\",\"unique\":\"false\",\"user-defined\":\"false\",\"tags\":\"\"}},{\"name\":\"version_created\",\"description\":\"version_created\",\"type\":[\"null\",\"string\"],\"@logiak\":{\"uuid\":\"774184e6-3096-4e62-8bbd-41bc515f274b\",\"type\":\"text\",\"workflow\":\"false\",\"personal\":\"false\",\"unique\":\"false\",\"user-defined\":\"false\",\"tags\":\"\"}},{\"name\":\"version_modified\",\"description\":\"version_modified\",\"type\":[\"null\",\"string\"],\"@logiak\":{\"uuid\":\"f5a1d4c8-cb2f-43b7-ba82-e7a2230fcfa1\",\"type\":\"text\",\"workflow\":\"false\",\"personal\":\"false\",\"unique\":\"false\",\"user-defined\":\"false\",\"tags\":\"\"}},{\"name\":\"vvm_status\",\"description\":\"vvm_status\",\"type\":[\"null\",\"string\"],\"@logiak\":{\"uuid\":\"3f549c85-ab82-4efb-b904-ca4ea1b9168f\",\"type\":\"text\",\"workflow\":\"false\",\"personal\":\"false\",\"unique\":\"false\",\"user-defined\":\"true\",\"tags\":\"\"}}]}",
  "wastage" : "{\"name\":\"wastage\",\"type\":\"record\",\"@logiak\":{\"uuid\":\"be38c7cc-70b0-438f-a195-1619aa7b0039\"},\"fields\":[{\"name\":\"allocation_id\",\"description\":\"the utilised allocated item.\",\"type\":[\"null\",\"string\"],\"@logiak\":{\"uuid\":\"fceec21a-1abd-4e2c-b61b-165f24fe1112\",\"type\":\"text\",\"workflow\":\"false\",\"personal\":\"false\",\"unique\":\"true\",\"user-defined\":\"true\",\"tags\":\"\"}},{\"name\":\"batch_number\",\"description\":\"Batch number\",\"type\":[\"null\",\"string\"],\"@logiak\":{\"uuid\":\"89a8086a-1615-40ea-aa39-04aae51d7ab7\",\"type\":\"text\",\"workflow\":\"false\",\"personal\":\"false\",\"unique\":\"false\",\"user-defined\":\"true\",\"tags\":\"\"}},{\"name\":\"created\",\"description\":\"created\",\"type\":[\"null\",\"long\"],\"logicalType\":\"timestamp-millis\",\"@logiak\":{\"uuid\":\"e884b30b-0bad-4505-af2c-2010ce386d30\",\"type\":\"date\",\"workflow\":\"false\",\"personal\":\"false\",\"unique\":\"false\",\"user-defined\":\"false\",\"defaultvalue\":\"0\",\"tags\":\"\"}},{\"name\":\"data_collector_email\",\"description\":\"data_collector_email\",\"type\":[\"null\",\"string\"],\"@logiak\":{\"uuid\":\"4a0ab960-2094-4f79-b6f3-cd4e5f62cdbe\",\"type\":\"text\",\"workflow\":\"false\",\"personal\":\"false\",\"unique\":\"false\",\"user-defined\":\"true\",\"tags\":\"\"}},{\"name\":\"date\",\"description\":\"Date reported\",\"type\":[\"null\",\"long\"],\"logicalType\":\"timestamp-millis\",\"@logiak\":{\"uuid\":\"2bf2c9eb-55e2-4de9-93d4-eda68a1fb7dc\",\"type\":\"date\",\"workflow\":\"false\",\"personal\":\"false\",\"unique\":\"false\",\"user-defined\":\"true\",\"lowerbound\":\"SP;6;86400000;-;?now?\",\"upperbound\":\"?now?\",\"defaultvalue\":\"datetime(\\u0027now\\u0027)\",\"tags\":\"\"}},{\"name\":\"email\",\"description\":\"email\",\"type\":[\"null\",\"string\"],\"@logiak\":{\"uuid\":\"5be4a9f4-4937-4c69-a8cb-acf3a972c8b1\",\"type\":\"text\",\"workflow\":\"false\",\"personal\":\"false\",\"unique\":\"false\",\"user-defined\":\"false\",\"tags\":\"\"}},{\"name\":\"firebase_uuid\",\"description\":\"firebase_uuid\",\"type\":[\"null\",\"string\"],\"@logiak\":{\"uuid\":\"f686c9bd-38d9-4138-ac8c-541c2fbd2d3c\",\"type\":\"text\",\"workflow\":\"false\",\"personal\":\"false\",\"unique\":\"false\",\"user-defined\":\"false\",\"tags\":\"\"}},{\"name\":\"group_uuid\",\"description\":\"group_uuid\",\"type\":[\"null\",\"string\"],\"@logiak\":{\"uuid\":\"93c633f2-0f94-468f-b7fa-24641afe0df5\",\"type\":\"text\",\"workflow\":\"false\",\"personal\":\"false\",\"unique\":\"false\",\"user-defined\":\"false\",\"tags\":\"\"}},{\"name\":\"item_id\",\"description\":\"item_id\",\"type\":[\"null\",\"string\"],\"@logiak\":{\"uuid\":\"16c99acd-e6e5-4fea-b90f-792a347ee855\",\"type\":\"text\",\"workflow\":\"false\",\"personal\":\"false\",\"unique\":\"false\",\"user-defined\":\"true\",\"tags\":\"\"}},{\"name\":\"item_name\",\"description\":\"Item\",\"type\":[\"null\",\"string\"],\"@logiak\":{\"uuid\":\"83ad28b8-140b-4942-89d7-2a1ea8a33d6e\",\"type\":\"text\",\"workflow\":\"false\",\"personal\":\"false\",\"unique\":\"false\",\"user-defined\":\"true\",\"tags\":\"\"}},{\"name\":\"latitude\",\"description\":\"latitude\",\"type\":[\"null\",\"double\"],\"decimalplaces\":\"0\",\"@logiak\":{\"uuid\":\"2ae13896-f800-4dd0-bdbd-6122f8d4afa6\",\"type\":\"number\",\"workflow\":\"false\",\"personal\":\"false\",\"unique\":\"false\",\"user-defined\":\"false\",\"defaultvalue\":\"0.0\",\"tags\":\"\"}},{\"name\":\"longitude\",\"description\":\"longitude\",\"type\":[\"null\",\"double\"],\"decimalplaces\":\"0\",\"@logiak\":{\"uuid\":\"0753a963-ea12-43d8-9942-e84feadeb467\",\"type\":\"number\",\"workflow\":\"false\",\"personal\":\"false\",\"unique\":\"false\",\"user-defined\":\"false\",\"defaultvalue\":\"0.0\",\"tags\":\"\"}},{\"name\":\"managed_uuid\",\"description\":\"managed_uuid\",\"type\":[\"null\",\"string\"],\"@logiak\":{\"uuid\":\"88e161af-ad43-40cb-bdc3-3210a303e850\",\"type\":\"text\",\"workflow\":\"false\",\"personal\":\"false\",\"unique\":\"false\",\"user-defined\":\"false\",\"tags\":\"\"}},{\"name\":\"modified\",\"description\":\"modified\",\"type\":[\"null\",\"long\"],\"logicalType\":\"timestamp-millis\",\"@logiak\":{\"uuid\":\"8844392c-8c60-4edb-859f-b59923a6fba9\",\"type\":\"date\",\"workflow\":\"false\",\"personal\":\"false\",\"unique\":\"false\",\"user-defined\":\"false\",\"defaultvalue\":\"0\",\"tags\":\"\"}},{\"name\":\"program\",\"description\":\"Program\",\"type\":[\"null\",\"string\"],\"@logiak\":{\"uuid\":\"208c66e4-f79f-4928-b227-f1f9b9e58e68\",\"type\":\"text\",\"workflow\":\"false\",\"personal\":\"false\",\"unique\":\"false\",\"user-defined\":\"true\",\"tags\":\"\"}},{\"name\":\"quantity\",\"description\":\"Quantity\",\"type\":[\"null\",\"double\"],\"decimalplaces\":\"0\",\"@logiak\":{\"uuid\":\"b7d67f27-8114-4992-b9a9-e097dafdb451\",\"type\":\"number\",\"workflow\":\"false\",\"personal\":\"false\",\"unique\":\"false\",\"user-defined\":\"true\",\"lowerbound\":\"0\",\"defaultvalue\":\"0.0\",\"tags\":\"\"}},{\"name\":\"role_uuid\",\"description\":\"role_uuid\",\"type\":[\"null\",\"string\"],\"@logiak\":{\"uuid\":\"160a0000-8633-4cfc-b95d-16bbb1585f01\",\"type\":\"text\",\"workflow\":\"false\",\"personal\":\"false\",\"unique\":\"false\",\"user-defined\":\"false\",\"tags\":\"\"}},{\"name\":\"uuid\",\"description\":\"uuid\",\"type\":[\"null\",\"string\"],\"@logiak\":{\"uuid\":\"8feab5c1-c23e-4a96-8ae5-5f41294b9b99\",\"type\":\"text\",\"workflow\":\"false\",\"personal\":\"false\",\"unique\":\"false\",\"user-defined\":\"false\",\"tags\":\"\"}},{\"name\":\"version_created\",\"description\":\"version_created\",\"type\":[\"null\",\"string\"],\"@logiak\":{\"uuid\":\"774184e6-3096-4e62-8bbd-41bc515f274b\",\"type\":\"text\",\"workflow\":\"false\",\"personal\":\"false\",\"unique\":\"false\",\"user-defined\":\"false\",\"tags\":\"\"}},{\"name\":\"version_modified\",\"description\":\"version_modified\",\"type\":[\"null\",\"string\"],\"@logiak\":{\"uuid\":\"f5a1d4c8-cb2f-43b7-ba82-e7a2230fcfa1\",\"type\":\"text\",\"workflow\":\"false\",\"personal\":\"false\",\"unique\":\"false\",\"user-defined\":\"false\",\"tags\":\"\"}},{\"name\":\"wastage_id\",\"description\":\"wastage_id\",\"type\":[\"null\",\"string\"],\"@logiak\":{\"uuid\":\"89138c0f-3baa-4b33-965d-f2c6682e5016\",\"type\":\"text\",\"workflow\":\"false\",\"personal\":\"false\",\"unique\":\"false\",\"user-defined\":\"true\",\"tags\":\"\"}},{\"name\":\"waste_reason\",\"description\":\"Reason\",\"type\":[\"null\",\"string\"],\"@logiak\":{\"uuid\":\"853feab5-4257-4a30-a49b-49b7f7bd0d86\",\"type\":\"text\",\"workflow\":\"false\",\"personal\":\"false\",\"unique\":\"false\",\"user-defined\":\"true\",\"tags\":\"\"}}]}"
}
